#gene1	gene2	strand1(gene/fusion)	strand2(gene/fusion)	breakpoint1	breakpoint2	site1	site2	type	split_reads1	split_reads2	discordant_mates	coverage1	coverage2	confidence	reading_frame	tags	retained_protein_domains	closest_genomic_breakpoint1	closest_genomic_breakpoint2	gene_id1	gene_id2	transcript_id1	transcript_id2	direction1	direction2	filters	fusion_transcript	peptide_sequence	read_identifiers
RP11-356O9.1	MIPOL1	+/+	+/+	14:37564362	14:37285318	exon/splice-site	CDS/splice-site	duplication	8	6	7	175	112	high	.	.	.	.	.	ENSG00000258414.1	ENSG00000151338.17	ENST00000554829.1	ENST00000327441.10	downstream	upstream	duplicates(32)	TATTATTTCAAGCATTGCAGAAGCTGCTTCCATGTCCTTAAGGTGACAAAGCATATGAGGACTTTGCAAGTACTTGGAGTAAAGGAAGAGAAGAGAATTCACAGAGTGAAAAGAGGAGAAAGAGTGCTCTAAAATATCACCAATGGACTGCAACAT|CTCTGGTTGAAGAAGTGTATTTTGCGCAGAAGGAACGTGATGAAGCTGTTATGTCTAGACTGCAATTAGCCATTGAGGAGAGAGATGAAGCAATTGCACGAGCCAAGCATATGGAAATGTCTCTAAAAGT___GCTAGAAAATATTAACCCTGAAGAAAATGACATG___ACATTACAGGAATTACTGAACAGAATAAACAATGCAGACACAGGGA	.	A00275:415:HNLFCDMXX:1:1171:13729:28025,A00275:415:HNLFCDMXX:1:1319:7337:17049,A00275:415:HNLFCDMXX:1:2154:31114:32831,A00275:415:HNLFCDMXX:1:2156:30373:3803,A00275:415:HNLFCDMXX:1:2232:15619:22310,A00275:415:HNLFCDMXX:1:2369:9977:5776,A00275:415:HNLFCDMXX:2:1240:11767:2895,A00275:415:HNLFCDMXX:2:1242:22815:3677,A00275:415:HNLFCDMXX:2:1262:2193:29653,A00275:415:HNLFCDMXX:2:1279:4137:20369,A00275:415:HNLFCDMXX:2:1346:18973:12273,A00275:415:HNLFCDMXX:2:1467:28754:24518,A00275:415:HNLFCDMXX:2:2132:14036:16532,A00275:415:HNLFCDMXX:2:2379:21088:15029,A00275:415:HNLFCDMXX:2:2477:2338:4163,A00275:415:HNLFCDMXX:1:1104:7419:12367,A00275:415:HNLFCDMXX:1:1122:14253:16532,A00275:415:HNLFCDMXX:1:1126:25907:24283,A00275:415:HNLFCDMXX:1:1147:24352:19022,A00275:415:HNLFCDMXX:1:1258:20618:34068,A00275:415:HNLFCDMXX:1:1271:14163:33254,A00275:415:HNLFCDMXX:1:1303:25102:15875,A00275:415:HNLFCDMXX:1:1315:21757:4131,A00275:415:HNLFCDMXX:1:1414:3667:19554,A00275:415:HNLFCDMXX:1:1419:29713:36104,A00275:415:HNLFCDMXX:1:2252:1579:20572,A00275:415:HNLFCDMXX:1:2414:19497:21919,A00275:415:HNLFCDMXX:2:1119:5764:22686,A00275:415:HNLFCDMXX:2:1303:30789:19272,A00275:415:HNLFCDMXX:2:1371:13250:30389,A00275:415:HNLFCDMXX:2:2104:19623:34601,A00275:415:HNLFCDMXX:2:2105:20482:9126,A00275:415:HNLFCDMXX:2:2216:12726:34585,A00275:415:HNLFCDMXX:2:2342:3803:22357,A00275:415:HNLFCDMXX:2:2426:12979:13761,A00275:415:HNLFCDMXX:1:1231:31331:27853,A00275:415:HNLFCDMXX:1:1435:6867:14575,A00275:415:HNLFCDMXX:1:1438:32759:35430,A00275:415:HNLFCDMXX:1:1469:31584:10097,A00275:415:HNLFCDMXX:1:2150:30563:25332,A00275:415:HNLFCDMXX:1:2167:27787:3458,A00275:415:HNLFCDMXX:1:2382:27199:3693,A00275:415:HNLFCDMXX:1:2472:3595:10222,A00275:415:HNLFCDMXX:2:1110:1154:27508,A00275:415:HNLFCDMXX:2:1202:12735:14465,A00275:415:HNLFCDMXX:2:1369:19560:7560,A00275:415:HNLFCDMXX:2:1371:29505:11130,A00275:415:HNLFCDMXX:2:1378:14832:12712,A00275:415:HNLFCDMXX:2:1479:18322:10019,A00275:415:HNLFCDMXX:2:1483:5547:9126,A00275:415:HNLFCDMXX:2:2138:12066:2347,A00275:415:HNLFCDMXX:2:2160:12120:31219,A00275:415:HNLFCDMXX:2:2405:10529:34538
RP11-356O9.1	MIPOL1	+/+	+/+	14:37564362	14:37308056	exon/splice-site	CDS/splice-site	duplication	2	0	0	175	172	low	.	.	.	.	.	ENSG00000258414.1	ENSG00000151338.17	ENST00000554829.1	ENST00000327441.10	downstream	upstream	duplicates(2)	GAAGCTGCTTCCATGTCCTTAAGGTGACAAAGCATATGAGGACTTTGCAAGTACTTGGAGTAAAGGAAGAGAAGAGAATTCACAGAGTGAAAAGAGGAGAAAGAGTGCTCTAAAATATCACCAATGGACTGCAACAT|GCTAGAAAATATTAACCCTGAAGAAAATGACAT	.	A00275:415:HNLFCDMXX:1:2474:25211:34663,A00275:415:HNLFCDMXX:2:2324:29460:1720,A00275:415:HNLFCDMXX:2:2369:4535:28260,A00275:415:HNLFCDMXX:2:2369:4761:28119
RP11-356O9.1	MIPOL1	+/+	+/+	14:37564362	14:37369517	exon/splice-site	CDS/splice-site	duplication	0	1	0	175	131	low	.	.	.	.	.	ENSG00000258414.1	ENSG00000151338.17	ENST00000554829.1	ENST00000327441.10	downstream	upstream	.	AAGAGGAGAAAGAGTGCTCTAAAATATCACCAATGGACTGCAACAT|TGCAAACGGTTAGAGCAGGAGCTTCATCATGTGAAAGAGCAGAACCAGACTTCAG...ACAACATGAGACATCTGACTGCTGAAAACAATCAAGAACGTGCTCTGAAG___GCAAAGTTGTTATCTATGCAACAAGCCAGAGAAACTGCAGTTCAACAGTAC	.	A00275:415:HNLFCDMXX:1:2259:32714:36730
PIK3R1	HSD17B4	+/+	+/+	5:68281006	5:119456315	CDS/splice-site	CDS/splice-site	deletion	3	6	1	35	344	high	in-frame	.	RhoGAP_domain(100%)|MaoC_like_domain(100%),N-terminal_half_of_MaoC_dehydratase(100%),SCP-2_sterol_transfer_family(100%),short_chain_dehydrogenase(100%)	.	.	ENSG00000145675.13	ENSG00000133835.13	ENST00000521381.4	ENST00000256216.9	downstream	upstream	duplicates(7)	AGAGTACTCTCTGAAATTTTCAGCCCTATGCTTTTCAGATTCTCAGCAGCCAG___CTCTGATAATACTGAAAACCTCATAAAAGTTATAGAAATTTTAATCTCAACTGAATGGAATGAACGACAGCCTGCACCAG|GATTGGGCCGAGCCTATGCCCTGGCTTTTGCAGAAAGAGGAGCGTTAGTTGTTG___TGAATGATTTGGGAGGGGACTTCAAAGGAGTTGGTAAAGGCTCCTTAGCTGCTGATAAGGTTGTTGAAGAAATAAGAAGGAGAGGTGGAAAAGCAGTGGCC...AGAAGGTgGTGAAGACAGCCCTGGATGCTTTTGGAAGAATAG___ATGTTGTGGTCAACAATGCTGG___AATTCTGAGGGATCGTTCCTTTGCTAGGATAAGTGATGAAGACTGGG___ATATAATCCACAGAGTTCATTTGCGG	RVLSEIFSPMLFRFSAASSDNTENLIKVIEILISTEWNERQPAP|gLGRAYALAFAERGALVVVNDLGGDFKGVGKGSLAADKVVEEIRRRGGKAV	A00275:415:HNLFCDMXX:1:1368:4408:18928,A00275:415:HNLFCDMXX:2:1274:7374:25942,A00275:415:HNLFCDMXX:2:2439:13286:21684,A00275:415:HNLFCDMXX:1:1109:17879:3082,A00275:415:HNLFCDMXX:1:1143:3495:9267,A00275:415:HNLFCDMXX:1:1171:15763:25692,A00275:415:HNLFCDMXX:1:1310:3468:35994,A00275:415:HNLFCDMXX:1:1315:27118:32706,A00275:415:HNLFCDMXX:1:2149:29315:17253,A00275:415:HNLFCDMXX:1:2238:30671:13839,A00275:415:HNLFCDMXX:1:2312:8024:4366,A00275:415:HNLFCDMXX:1:2313:20256:13902,A00275:415:HNLFCDMXX:1:2458:16559:36777,A00275:415:HNLFCDMXX:2:1173:23475:13996,A00275:415:HNLFCDMXX:2:1471:31186:32550,A00275:415:HNLFCDMXX:2:2128:8630:28902,A00275:415:HNLFCDMXX:1:2270:11876:23970
NEK9	TUNAR	-/-	+/+	14:75097100	14:95922781	CDS/splice-site	exon/splice-site	inversion	2	4	3	53	16	high	out-of-frame	.	Protein_kinase_domain(100%),Regulator_of_chromosome_condensation_(RCC1)_repeat(100%)|	.	.	ENSG00000119638.11	ENSG00000250366.2	ENST00000238616.8	ENST00000504119.1	upstream	upstream	duplicates(12)	GATG___ATAATCACATTTTTGCCTGGGGCAATGGTGGTAATGGCCGCCTGGCAATGACCCCCACAGAGAGACCACATGGCTCTGATATCTGTACCTCATGGCCTCGGCCTATTTTTGGATCTCTGCATCATGTCCCGGACCTGTCTTGCCGTGGATGGCATACCATTCTCATCGTTG|GTTAGCCTGGCAAGGAAGATAAAGACATTTGCAACCAAGATGGTAATCACTAGTGAAAATGATGAAGACAGAGGAGGTCAAGAAAAAGAAAGTAAAGAGGAGAGTGTCTTGGCAATGCTGGGGATTATCGGGACC...GCAGGCTTGACCCGCACATACCACCCAATCAAATGCACCTTCAAACTTTACAAAAGGTCACACAAATAGACCGATCCTGCTGCAGGGAGCAGACACTAAAG	DDNHIFAWGNGGNGRLAMTPTERPHGSDICTSWPRPIFGSLHHVPDLSCRGWHTILIV|g*	A00275:415:HNLFCDMXX:1:2204:14208:16642,A00275:415:HNLFCDMXX:1:2464:9860:7795,A00275:415:HNLFCDMXX:2:1181:22372:2503,A00275:415:HNLFCDMXX:2:2345:27633:13902,A00275:415:HNLFCDMXX:1:1232:18927:15201,A00275:415:HNLFCDMXX:1:2268:1244:8249,A00275:415:HNLFCDMXX:1:2320:32759:4272,A00275:415:HNLFCDMXX:2:1363:29640:3881,A00275:415:HNLFCDMXX:2:1452:6668:9032,A00275:415:HNLFCDMXX:2:1457:5086:26021,A00275:415:HNLFCDMXX:1:1275:10691:21981,A00275:415:HNLFCDMXX:1:2245:25174:33943,A00275:415:HNLFCDMXX:1:2303:13530:19852,A00275:415:HNLFCDMXX:1:2432:18159:27899,A00275:415:HNLFCDMXX:1:2436:4806:5087,A00275:415:HNLFCDMXX:1:2487:30807:36714,A00275:415:HNLFCDMXX:2:1113:25925:32643,A00275:415:HNLFCDMXX:2:1480:26196:2863,A00275:415:HNLFCDMXX:2:2349:32398:9220,A00275:415:HNLFCDMXX:2:2365:3115:9737,A00275:415:HNLFCDMXX:2:2373:32886:10128
CTBP2	RP11-30J20.1	-/-	+/-	10:125110990	8:136681114	5'UTR/splice-site	intron	translocation/5'-5'	6	1	1	85	59	high	.	.	.	.	.	ENSG00000175029.15	ENSG00000254101.4	ENST00000411419.5	.	upstream	downstream	duplicates(11),mismatches(1)	GGTCGGCGCTGCCCTCACAG___...CGTTCCCTCCCCCGATCCAAGTTGGAATTAGCATCCTCTCGGGG___GGTTTCATCACCTTAAATGGTTTTGAACCAATGAAGGTGTATTCCCTTAAAAAGACGGACAGCCCATCGTGTGAACTATAGAGTTTGTGGACAGATTTATATTG|ATTAGGAAAATGCAGAGATAGCAAAAAGCATGTTACAAATCATCTAACGAATAAGCAGGAGGGCCAAATTGACAGCAAGGTCTTTATTCAAGGGAT...TTTTGGAGATGTCTACCCTCCAGGGCAATGCCCCATGGAAGTGTCTGGACAG___GTCAATTTCAACTTTCCCTGGAGTCATCAATGAGAAGCCCGCAGTGAGAGACGCCAG	.	A00275:415:HNLFCDMXX:1:1148:3468:25003,A00275:415:HNLFCDMXX:1:1401:18349:18020,A00275:415:HNLFCDMXX:1:2214:31792:6261,A00275:415:HNLFCDMXX:2:1412:21531:25160,A00275:415:HNLFCDMXX:2:1421:11586:14857,A00275:415:HNLFCDMXX:2:2147:20781:26083,A00275:415:HNLFCDMXX:2:2327:27218:26177,A00275:415:HNLFCDMXX:2:2331:18945:15577,A00275:415:HNLFCDMXX:2:2343:26765:8797,A00275:415:HNLFCDMXX:2:2415:28592:16000,A00275:415:HNLFCDMXX:2:2456:28194:25050,A00275:415:HNLFCDMXX:1:1434:10267:17989,A00275:415:HNLFCDMXX:1:2123:30544:1282,A00275:415:HNLFCDMXX:1:2343:17119:23531,A00275:415:HNLFCDMXX:2:1110:2374:15123,A00275:415:HNLFCDMXX:2:1461:24243:2143,A00275:415:HNLFCDMXX:1:2348:4598:2848,A00275:415:HNLFCDMXX:2:1436:27236:3912,A00275:415:HNLFCDMXX:2:1448:19018:36808,A00275:415:HNLFCDMXX:2:1482:13051:29074
OSBPL11	BRCA2	-/-	+/-	3:125576189	13:32324332	CDS/splice-site	intron	translocation/5'-5'	1	2	1	25	14	high	out-of-frame	.	PH_domain(100%)|	.	.	ENSG00000144909.7	ENSG00000139618.13	ENST00000296220.5	.	upstream	downstream	duplicates(2),mismatches(1)	CAGCATCATACTGAAGCTATTGGAAAG___AATAATCCTCCTCTGAAGTCACGGAGCTTCTCACTTGCATCTAGTAGTAATTCTCCTATATCGCAGAGGAGACC...TGCCATTTCTaTTTTTAATGTTGGACATTCCAAACTGCAATCACTGAGCAAAAGAACTAATTTACCTCCAGACCATCTTGTGGAAGTCAGAGAA|GACTTTGTACAAGCTGTTTCCCCTTCTTTGCTTTTCTTGACCTGGAACAACTCTTTCAGGCTTCCATTTAGAAACTACCTCCTCCAGAAAACTGTAGTGATCCCTAAGGTAAGATTAAGTGTTTGCCC...___GAGATTGGTACAGCG	AISiFNVGHSKLQSLSKRTNLPPDHLVEVRE|dfvqavspsllfltwnnsfrlpfrnyllqktvvipkvrlsvc	A00275:415:HNLFCDMXX:1:1164:5638:4805,A00275:415:HNLFCDMXX:1:1380:32579:2613,A00275:415:HNLFCDMXX:1:1478:29595:28072,A00275:415:HNLFCDMXX:2:1343:19642:10739,A00275:415:HNLFCDMXX:1:1372:20618:11804,A00275:415:HNLFCDMXX:1:1204:26178:13792,A00275:415:HNLFCDMXX:2:1218:24080:3552
AC018816.3	BHLHE40-AS1	-/-	-/-	3:4830947	3:4959385	exon/splice-site	intron	duplication	2	1	0	13	2	high	.	.	.	.	.	ENSG00000235978.5	ENSG00000235831.5	ENST00000441894.3	.	upstream	downstream	duplicates(1)	CAGAAGAGGCTCAAGATAAAACGAGAGAG___GTACTGATGAGACCTCTTTAGTATGACACTGGCAACTGACGGCACTGCGGATATGTTTGGAATAAG___GTTCAAAAGAAGAGGCTGTTCTAAGAAAGACTACCGAGTAATCAATCACCTCCTCAGAGAAAGTCTGCTCAG|ATTTACCACTTACCaCTGCTTTTCAGCAGTTTGGCTGTGATTTGTTTAGGTGCTGCTTTTTCCTTATTTATTCTCCTTGTGGGTGCGTTAAGGTTCTTGGTTCTCCTCCCACCCCCAACTCTCCCCTGACACACAACGTGGATGTGG	.	A00275:415:HNLFCDMXX:2:2266:32099:20447,A00275:415:HNLFCDMXX:2:2413:17635:2378,A00275:415:HNLFCDMXX:1:1224:25418:26944,A00275:415:HNLFCDMXX:2:2159:24207:4147
RP11-356O9.1(9415),FOXA1(1444)	MIPOL1	./+	+/+	14:37588540	14:37280274	intergenic	intron	duplication	9	2	1	94	15	medium	.	.	.	.	.	.	ENSG00000151338.17	.	ENST00000327441.10	downstream	upstream	duplicates(15)	CAGGAGCCGTAACGAGGCGGCTGGCCTTCTTTGTTGACTTTTAGGaCCCGGGCTCAACAGGAGATTTATTCGCTAGGAAGGGAAAATGCCCAAACAATGAAGAACTATCTGCACTTGTCACCTCGAGACGCTTGCTGTCCTGCTCTGTCCGCCTTCCCTGGCAACCAGCTGTCCTGGCCGCCAACCCGCGCGCGTCCTAACGCGCGGGTGGCAGGTCGCATCACCCAGAGGTGGCGGAGTGTGCGGTCTGAGAACTGCGAGAAGCCCACAAAGCAGGGGCTGGGCCTGCAG|TGAACATGGGAGTGTAGGCATCTCTTTAACATACTTCTTTCGACTCCTTTGGATACATACCTGaAAGTGGAACTGCTGGATCACATG___CTCTGGTTGAAGAAGTGTATTTTGCGCAGAAGGAACGTGATGAAGCTGTTATGTCTAGACTGCAATTAGCCATTGAGGAGAGAGATGAAGCAATTGCACGAGCCAAGCATATGGAAATGTCTCTAAAAGT___GCTAGAAAATATTAACCCTGAAG	.	A00275:415:HNLFCDMXX:1:1238:20175:20901,A00275:415:HNLFCDMXX:1:2351:20717:2300,A00275:415:HNLFCDMXX:2:1453:9109:23876,A00275:415:HNLFCDMXX:2:2114:30626:26819,A00275:415:HNLFCDMXX:1:1114:32127:17174,A00275:415:HNLFCDMXX:1:1220:10917:8876,A00275:415:HNLFCDMXX:1:1235:23737:31391,A00275:415:HNLFCDMXX:1:1248:29586:27962,A00275:415:HNLFCDMXX:1:1434:19379:27101,A00275:415:HNLFCDMXX:1:1471:32325:35837,A00275:415:HNLFCDMXX:1:2353:5801:27759,A00275:415:HNLFCDMXX:2:1168:9905:25692,A00275:415:HNLFCDMXX:2:1217:30680:16078,A00275:415:HNLFCDMXX:2:1230:1380:30436,A00275:415:HNLFCDMXX:2:1231:15429:6762,A00275:415:HNLFCDMXX:2:1243:32226:6136,A00275:415:HNLFCDMXX:2:1283:23249:3176,A00275:415:HNLFCDMXX:2:1338:6994:7936,A00275:415:HNLFCDMXX:2:1342:17752:23187,A00275:415:HNLFCDMXX:2:1402:21540:20353,A00275:415:HNLFCDMXX:2:1450:29857:10802,A00275:415:HNLFCDMXX:2:1477:5801:16454,A00275:415:HNLFCDMXX:2:2119:5159:5541,A00275:415:HNLFCDMXX:2:2131:8160:33129,A00275:415:HNLFCDMXX:2:2311:18909:28667,A00275:415:HNLFCDMXX:2:2460:1624:20400,A00275:415:HNLFCDMXX:2:1408:17390:25441
SCHLAP1(10524),AC104076.2(11367)	UBE2E3	./+	+/+	2:180927463	2:180967248	intergenic	5'UTR	deletion/read-through	0	4	1	22	26	low	.	.	|Ubiquitin-conjugating_enzyme(100%)	.	.	.	ENSG00000170035.14	.	ENST00000602303.4	downstream	upstream	duplicates(11)	TAGTCACTTAGACCTACTTCCATTCATAGCAAAGACAGAAAACATTCAAGGAATAGAGTAATTTGGTGGGGGCAAG|CAATATGAAGAGCTACGGCCAAGTTCATGCAGTCACAGGCAATGACAACTATATCACCAATGCTGCCTGGCTGAGAGTGATTTAAGACATCATTGATTGGAAG___TTTTCCAAGAGATAACTTCACCAAGATGTCCAGTGATAGGCAAAGGTCCGATGATGAGAGCCCCAGCACCAGCAGTGGCAGTTCAGATGCGGACCAGCGAGACCCAGCCGCTCCAGAGCCTGAAGAACAAGAG...ACTCTCTAGCAAAACCACTGCTAAGTTATCCACTAGTGCTAAAAG___AATTCAGAAGGAGCTAGCTGAAATAACCCTTGATCCTCCTCCTAATTGCAG___TGCTG	.	A00275:415:HNLFCDMXX:1:1152:23773:31328,A00275:415:HNLFCDMXX:1:1253:12048:30029,A00275:415:HNLFCDMXX:1:1273:1615:9612,A00275:415:HNLFCDMXX:1:1313:8603:32080,A00275:415:HNLFCDMXX:1:1317:18927:4836,A00275:415:HNLFCDMXX:1:2172:5882:14152,A00275:415:HNLFCDMXX:1:2477:17725:3537,A00275:415:HNLFCDMXX:2:1147:15130:6778,A00275:415:HNLFCDMXX:2:1181:31069:5916,A00275:415:HNLFCDMXX:2:1380:20772:26600,A00275:415:HNLFCDMXX:2:1447:22254:34929,A00275:415:HNLFCDMXX:2:2127:17354:21809,A00275:415:HNLFCDMXX:2:2228:32072:3583,A00275:415:HNLFCDMXX:2:2247:27416:5791,A00275:415:HNLFCDMXX:2:2467:26395:13792,A00275:415:HNLFCDMXX:1:1247:12726:14951
AC079781.7(19658),AC079781.8(10357)	ASNS	./-	-/-	7:97928082	7:97872449	intergenic	5'UTR	deletion/read-through	0	3	1	85	26	low	.	.	|Asparagine_synthase(100%),Glutamine_amidotransferase_domain(100%)	.	.	.	ENSG00000070669.15	.	ENST00000394308.6	upstream	downstream	duplicates(6)	GGCAGAGCCCCCGGAGCCATGGCCAGCCCTTCCGGCAGCTCCAAAGCCACTGGCAAGCCCCGAGGCAGGGATGGCCGGCCCAGGAGGGAGGAGGACGAC...GGACTGCGAGGACGGGGAGGACGCGCCGCGGCCGGGCAGGGAGGAGACCGGCACCCAGACAGGTGGCGACGGCAGAGGA|GAGCCAGGTCGGTATAAGCGCCAGCGGCCTCGCCGCCCGTCAAGCTGTCCACATCCCTGGCCTCAGCCCGCCACATCACCCTGACCTGCTTACGCCCAG___ATTTTCTTCAATCACATCTGA	.	A00275:415:HNLFCDMXX:2:1104:6786:16752,A00275:415:HNLFCDMXX:2:1256:25861:4539,A00275:415:HNLFCDMXX:2:1458:15691:11757,A00275:415:HNLFCDMXX:2:1469:5620:27258,A00275:415:HNLFCDMXX:2:2308:23457:28119,A00275:415:HNLFCDMXX:2:2419:28772:34882,A00275:415:HNLFCDMXX:1:2220:21712:36714,A00275:415:HNLFCDMXX:1:2220:21730:36526,A00275:415:HNLFCDMXX:1:2309:16541:26443,A00275:415:HNLFCDMXX:2:1379:10447:33739
RP11-446J8.1	LDB2	+/+	-/+	4:16460812	4:16536630	intron	intron	deletion/read-through/5'-5'	0	2	1	4	5	low	.	.	.	.	.	ENSG00000248138.4	ENSG00000169744.11	.	.	downstream	upstream	duplicates(2)	GATCAGAAAGGGGAGGATTTTTTACCCATTTGAAACTACTTTACTAAAAAAA|g|GAAGTCATCCCAGGGTAGAGGGAATCCCAGTTCTGCCACCGTTGGGAATCACATGACTCAGaTG...AAACCGTGGCAAAAACAGATGAAATAAGTCATCTGAAGCCATACAACCA___AGAAATTTCTGGCAAGAACTTCTGGCAGTCTCCTGTTTCCCAGATGCCCGGC	.	A00275:415:HNLFCDMXX:1:2117:23240:14622,A00275:415:HNLFCDMXX:1:2317:30951:12759,A00275:415:HNLFCDMXX:2:2178:16414:35869,A00275:415:HNLFCDMXX:2:2451:6117:33567,A00275:415:HNLFCDMXX:1:2480:6271:29794
KMT2C	PARP4P1(30220281),CTBP2P1(311)	-/-	./+	7:152273718	Y:56854933	CDS	intergenic	translocation	0	0	2	4	15	low	.	.	PHD-like_zinc-binding_domain(100%)|	.	.	ENSG00000055609.16	.	ENST00000558084.4	.	upstream	upstream	.	GAGAAATGTACCCAGATGTATCATTATCCTTGTGCTGCAGGAGCCGGCtCCTTTCAGGATTTCAGTCACATCTTCCTGCTTTGTCCAGAACACATTGACCAA...|...ATGAAGATGGAAACCaTCATTCTCAGCAAACTATCGCAAGGACAAAAAAACAAACACTGCATGTTCTCACTCATAGGTGGGAATTGAACAATGAGAAACATGGACACAGGAAGGGGAACATCACACACCGGgGAC	.	A00275:415:HNLFCDMXX:1:1440:3396:18677,A00275:415:HNLFCDMXX:2:2120:17743:29559
SSX1	CPED1	+/+	+/-	X:48267278	7:120988796	3'UTR	5'UTR	translocation/5'-5'	2	0	0	31	7	low	.	.	KRAB_box(100%),SSXRD_motif(100%)|	.	.	ENSG00000126752.7	ENSG00000106034.16	ENST00000376919.3	.	downstream	downstream	duplicates(3),mismappers(1)	GCCAAGAGTTCGATGTTAGTGTTTCCATTGTATTTTCTTACAGTGTGCCATTCTGTTAGATACTATCCTTATAATTGATGAGCAAGACATACTGAATGCATATTTCGGTTTGTGTATCCATGCACCTACGTCAGAAAACAAGgATTGTCAGGTATTCTCTgCATAGAACAGCACTATCCTCATCTCTCCCCAGATGTGACTACTGAGGGCAGTTCTGAGTGTTTAATTTCAGACTTTTTCCTCTGCATTTACACACACACACACACACACAC|ACACACAGAGAGAGACACACACACACAC	.	A00275:415:HNLFCDMXX:2:1174:29803:25708,A00275:415:HNLFCDMXX:2:1184:18882:10019,A00275:415:HNLFCDMXX:2:1359:30843:28197,A00275:415:HNLFCDMXX:2:2121:1380:3568,A00275:415:HNLFCDMXX:2:2264:19244:18568,A00275:415:HNLFCDMXX:2:2411:15799:36464
DDX50	CDR2L	+/+	+/+	10:68914147	17:75003648	CDS	CDS	translocation	0	0	2	52	45	low	.	.	DEAD/DEAH_box_helicase(100%)|	.	.	ENSG00000107625.11	ENSG00000109089.7	ENST00000373585.6	ENST00000337231.5	downstream	upstream	duplicates(3)	CCTACAAAACTG___ATTCTGAAGACAATCCTCAGACTTTACTTTTTTCTGCAACTTGCCCACAGTGGGTATACAAAGTTGCAAAAAAATACATGAAATCCAGA...|...CATCGTGGCCAAAGACCCAGCCAGCCGGCACGCGGGCAACCTCACACTGCACGCCAACAGCGTGCGCAAGCGGGGCATGTCCATCCTGCGGGAGGTGGAC	.	A00275:415:HNLFCDMXX:1:1124:27308:5071,A00275:415:HNLFCDMXX:2:1135:9842:27367,A00275:415:HNLFCDMXX:2:1265:6451:10848,A00275:415:HNLFCDMXX:2:1371:4300:13855,A00275:415:HNLFCDMXX:2:2442:15085:19820
CNOT6L	CFB	-/-	+/+	4:77718229	6:31950743	3'UTR	CDS	translocation	0	0	2	15	563	low	.	.	Endonuclease/Exonuclease/phosphatase_family(100%),Leucine_rich_repeat(100%)|Trypsin(83%)	.	.	ENSG00000138767.11	ENSG00000243649.7	ENST00000504123.4	ENST00000425368.5	upstream	upstream	duplicates(1)	TTTTTTTGTAATCAGCTACTGTATGTTTTATTTTAGATCTTTTGTTTTGGGTGGGTTTTCTGCTCTGGAGGTATATGCACTAACAAAACATTTTCCTCC...|...GAATAAGCTGAAATATGGCCAGACTATCAG___GCCCATTTGTCTCCCCTGCACCGAGGGAACAACTCGAGCTTTGAGGCTTCCTCCAACTACCACTTGCCAGC	.	A00275:415:HNLFCDMXX:1:1113:10194:27101,A00275:415:HNLFCDMXX:2:2458:9625:2440,A00275:415:HNLFCDMXX:2:2484:27606:27070
IGF1R	COX6B1P2(5351),PRAC1(2409)	+/+	./-	15:98963893	17:48719310	3'UTR	intergenic	translocation	0	0	2	240	13	low	.	.	Furin-like_cysteine_rich_region(100%),Protein_kinase_domain(100%),Receptor_L_domain(100%)|	.	.	ENSG00000140443.12	.	ENST00000268035.9	.	downstream	downstream	.	GAAAAGAATTTTTAATAAAAACTATAACATACACAAAAATTGGTTTTAAAGTTGACTCCACTTCCTCTAACTCCAGTGGATTGTTGGCCATGTCTCCCCAA...|...GGCGACCCGCCGACTGCGGAGGCTGCGAGGAGCGGCCTGCTCAGACGGTAGTAGTGCTGCGTGTGCGTGTGTGTGTGTGTGTGTGTGTGTGTGTGTGTTTGTGTG	.	A00275:415:HNLFCDMXX:1:2429:27389:36401,A00275:415:HNLFCDMXX:2:1273:32660:18161
CNOT6L	XXbac-BPG116M5.17	-/-	+/+	4:77718229	6:31950743	3'UTR	CDS	translocation	0	0	2	15	563	low	.	.	Endonuclease/Exonuclease/phosphatase_family(100%),Leucine_rich_repeat(100%)|Trypsin(79%)	.	.	ENSG00000138767.11	ENSG00000244255.4	ENST00000504123.4	ENST00000456570.4	upstream	upstream	duplicates(1)	TTTTTTTGTAATCAGCTACTGTATGTTTTATTTTAGATCTTTTGTTTTGGGTGGGTTTTCTGCTCTGGAGGTATATGCACTAACAAAACATTTTCCTCC...|...GAATAAGCTGAAATATGGCCAGACTATCAG___GCCCATTTGTCTCCCCTGCACCGAGGGAACAACTCGAGCTTTGAGGCTTCCTCCAACTACCACTTGCCAGC	.	A00275:415:HNLFCDMXX:1:1113:10194:27101,A00275:415:HNLFCDMXX:2:2458:9625:2440,A00275:415:HNLFCDMXX:2:2484:27606:27070
