#FusionName	JunctionReadCount	SpanningFragCount	est_J	est_S	SpliceType	LeftGene	LeftBreakpoint	RightGene	RightBreakpoint	JunctionReads	SpanningFrags	LargeAnchorSupport	LeftBreakDinuc	LeftBreakEntropy	RightBreakDinuc	RightBreakEntropy	annots
RP11-356O9.1--MIPOL1	15	9	NA	NA	ONLY_REF_SPLICE	RP11-356O9.1^ENSG00000258414.1	chr14:37564362:+	MIPOL1^ENSG00000151338.17	chr14:37285318:+	A00275:415:HNLFCDMXX:2:1279:4137:20369,A00275:415:HNLFCDMXX:1:2154:31114:32831,A00275:415:HNLFCDMXX:2:1240:11767:2895,A00275:415:HNLFCDMXX:2:2477:2338:4163,A00275:415:HNLFCDMXX:1:1122:14253:16532,A00275:415:HNLFCDMXX:2:1371:13250:30389,A00275:415:HNLFCDMXX:1:1258:20618:34068,A00275:415:HNLFCDMXX:1:2156:30373:3803,A00275:415:HNLFCDMXX:1:1315:21757:4131,A00275:415:HNLFCDMXX:1:2154:6017:37027,A00275:415:HNLFCDMXX:1:2252:1579:20572,A00275:415:HNLFCDMXX:1:1104:7419:12367,A00275:415:HNLFCDMXX:2:1119:5764:22686,A00275:415:HNLFCDMXX:1:2369:9977:5776,A00275:415:HNLFCDMXX:2:1303:30789:19272	A00275:415:HNLFCDMXX:2:1110:1154:27508,A00275:415:HNLFCDMXX:2:1483:5547:9126,A00275:415:HNLFCDMXX:1:1435:6867:14575,A00275:415:HNLFCDMXX:2:1202:12735:14465,A00275:415:HNLFCDMXX:2:2160:12120:31219,A00275:415:HNLFCDMXX:1:2167:27787:3458,A00275:415:HNLFCDMXX:1:2150:30563:25332,A00275:415:HNLFCDMXX:1:1438:32759:35430,A00275:415:HNLFCDMXX:2:1369:19560:7560	YES_LDAS	GT	1.9219	AG	1.9329	["INTRACHROMOSOMAL[chr14:0.01Mb]","LOCAL_REARRANGEMENT:+:[11686]"]
PIK3R1--HSD17B4	12	1	NA	NA	ONLY_REF_SPLICE	PIK3R1^ENSG00000145675.13	chr5:68281006:+	HSD17B4^ENSG00000133835.13	chr5:119456315:+	A00275:415:HNLFCDMXX:2:1274:7374:25942,A00275:415:HNLFCDMXX:1:1171:15763:25692,A00275:415:HNLFCDMXX:1:2458:16559:36777,A00275:415:HNLFCDMXX:2:2276:21567:34240,A00275:415:HNLFCDMXX:1:2149:29315:17253,A00275:415:HNLFCDMXX:1:2205:19162:18803,A00275:415:HNLFCDMXX:2:2439:13286:21684,A00275:415:HNLFCDMXX:1:1422:29179:34209,A00275:415:HNLFCDMXX:2:1108:1154:30514,A00275:415:HNLFCDMXX:1:2238:30671:13839,A00275:415:HNLFCDMXX:1:2312:8024:4366,A00275:415:HNLFCDMXX:1:2167:24297:19680	A00275:415:HNLFCDMXX:1:2270:11876:23970	YES_LDAS	GT	1.8062	AG	1.8892	["INTRACHROMOSOMAL[chr5:51.15Mb]"]
NEK9--TUNAR	6	3	NA	NA	ONLY_REF_SPLICE	NEK9^ENSG00000119638.11	chr14:75097100:-	TUNAR^ENSG00000250366.2	chr14:95922781:+	A00275:415:HNLFCDMXX:1:2464:9860:7795,A00275:415:HNLFCDMXX:2:1452:6668:9032,A00275:415:HNLFCDMXX:1:2204:14208:16642,A00275:415:HNLFCDMXX:1:2320:32759:4272,A00275:415:HNLFCDMXX:2:1363:29640:3881,A00275:415:HNLFCDMXX:1:2268:1244:8249	A00275:415:HNLFCDMXX:2:2365:3115:9737,A00275:415:HNLFCDMXX:1:2245:25174:33943,A00275:415:HNLFCDMXX:2:2373:32886:10128	YES_LDAS	GT	1.8323	AG	1.9219	["INTRACHROMOSOMAL[chr14:20.75Mb]"]
RP11-356O9.1--MIPOL1	3	9	NA	NA	INCL_NON_REF_SPLICE	RP11-356O9.1^ENSG00000258414.1	chr14:37579867:+	MIPOL1^ENSG00000151338.17	chr14:37285318:+	A00275:415:HNLFCDMXX:2:2315:13738:24846,A00275:415:HNLFCDMXX:2:2171:27877:8907,A00275:415:HNLFCDMXX:1:1150:32063:14121	A00275:415:HNLFCDMXX:2:1369:19560:7560,A00275:415:HNLFCDMXX:1:2150:30563:25332,A00275:415:HNLFCDMXX:1:2167:27787:3458,A00275:415:HNLFCDMXX:1:1438:32759:35430,A00275:415:HNLFCDMXX:2:2160:12120:31219,A00275:415:HNLFCDMXX:2:1202:12735:14465,A00275:415:HNLFCDMXX:1:1435:6867:14575,A00275:415:HNLFCDMXX:2:1483:5547:9126,A00275:415:HNLFCDMXX:2:1110:1154:27508	YES_LDAS	GT	1.6895	AG	1.9329	["INTRACHROMOSOMAL[chr14:0.01Mb]","LOCAL_REARRANGEMENT:+:[11686]"]
TMEM101--IFT74	2	0	NA	NA	ONLY_REF_SPLICE	TMEM101^ENSG00000091947.8	chr17:44023039:-	IFT74^ENSG00000096872.14	chr9:27044742:+	A00275:415:HNLFCDMXX:1:2248:12581:1705,A00275:415:HNLFCDMXX:1:1273:27281:8375	.	NO_LDAS	GT	1.9086	AG	1.7968	["INTERCHROMOSOMAL[chr17--chr9]"]
TLK2--RP11-274B21.13	2	0	NA	NA	INCL_NON_REF_SPLICE	TLK2^ENSG00000146872.16	chr17:62560126:+	RP11-274B21.13^ENSG00000281896.1	chr7:128617868:+	A00275:415:HNLFCDMXX:1:2348:23185:29309,A00275:415:HNLFCDMXX:1:2369:24975:16250	.	NO_LDAS	GT	1.8892	AG	1.8892	["INTERCHROMOSOMAL[chr17--chr7]"]
RP4-535B20.1--JAK1	2	0	NA	NA	ONLY_REF_SPLICE	RP4-535B20.1^ENSG00000231485.1	chr1:65067604:-	JAK1^ENSG00000162434.10	chr1:64886341:-	A00275:415:HNLFCDMXX:1:1229:15546:3615,A00275:415:HNLFCDMXX:2:2366:23791:10066	.	YES_LDAS	GT	1.2867	AG	1.9656	["INTRACHROMOSOMAL[chr1:0.10Mb]"]
RP11-634B7.4--TRIM58	2	0	NA	NA	ONLY_REF_SPLICE	RP11-634B7.4^ENSG00000235749.2	chr1:247640429:+	TRIM58^ENSG00000162722.8	chr1:247860617:+	A00275:415:HNLFCDMXX:2:2443:10764:19257,A00275:415:HNLFCDMXX:1:1369:3938:17550	.	YES_LDAS	GT	1.9219	AG	1.9656	["INTRACHROMOSOMAL[chr1:0.11Mb]"]
RP11-384F7.2--LSAMP	2	0	NA	NA	ONLY_REF_SPLICE	RP11-384F7.2^ENSG00000239268.2	chr3:117997182:-	LSAMP^ENSG00000185565.10	chr3:116444955:-	A00275:415:HNLFCDMXX:2:2369:22263:22388,A00275:415:HNLFCDMXX:1:2470:21133:11788	.	YES_LDAS	GT	1.8892	AG	1.9329	["INTRACHROMOSOMAL[chr3:0.53Mb]"]
RP11-356O9.1--MIPOL1	2	0	NA	NA	ONLY_REF_SPLICE	RP11-356O9.1^ENSG00000258414.1	chr14:37564362:+	MIPOL1^ENSG00000151338.17	chr14:37308056:+	A00275:415:HNLFCDMXX:2:2324:29460:1720,A00275:415:HNLFCDMXX:1:2474:25211:34663	.	YES_LDAS	GT	1.9219	AG	1.6402	["INTRACHROMOSOMAL[chr14:0.01Mb]","LOCAL_REARRANGEMENT:+:[11686]"]
RNPEPL1--SLC1A3	2	0	NA	NA	INCL_NON_REF_SPLICE	RNPEPL1^ENSG00000142327.10	chr2:240575752:+	SLC1A3^ENSG00000079215.12	chr5:36683872:+	A00275:415:HNLFCDMXX:1:1372:31385:10911,A00275:415:HNLFCDMXX:1:2151:15329:29074	.	YES_LDAS	GT	1.8892	AG	1.8892	["INTERCHROMOSOMAL[chr2--chr5]"]
PCSK7--CLASRP	2	0	NA	NA	INCL_NON_REF_SPLICE	PCSK7^ENSG00000160613.11	chr11:117204245:-	CLASRP^ENSG00000104859.13	chr19:45064552:+	A00275:415:HNLFCDMXX:1:2473:8757:19351,A00275:415:HNLFCDMXX:2:1275:11171:12602	.	YES_LDAS	GT	1.8256	AG	1.6402	["INTERCHROMOSOMAL[chr11--chr19]"]
OR51S1--TP53I11	2	0	NA	NA	INCL_NON_REF_SPLICE	OR51S1^ENSG00000176922.3	chr11:4848669:-	TP53I11^ENSG00000175274.17	chr11:44933050:-	A00275:415:HNLFCDMXX:2:1470:27796:11428,A00275:415:HNLFCDMXX:1:2250:24135:17331	.	YES_LDAS	GT	1.8295	AG	1.4256	["INTRACHROMOSOMAL[chr11:40.04Mb]"]
NFIB--GAS2	2	0	NA	NA	ONLY_REF_SPLICE	NFIB^ENSG00000147862.13	chr9:14179727:-	GAS2^ENSG00000148935.9	chr11:22674850:+	A00275:415:HNLFCDMXX:2:2280:22824:1251,A00275:415:HNLFCDMXX:2:2411:8929:35681	.	YES_LDAS	GT	1.8323	AG	1.8256	["INTERCHROMOSOMAL[chr9--chr11]"]
MYO1E--S100A13	2	0	NA	NA	ONLY_REF_SPLICE	MYO1E^ENSG00000157483.7	chr15:59217891:-	S100A13^ENSG00000189171.12	chr1:153619038:-	A00275:415:HNLFCDMXX:2:2466:30183:7326,A00275:415:HNLFCDMXX:2:1302:31132:7122	.	YES_LDAS	GT	1.7465	AG	1.7819	["INTERCHROMOSOMAL[chr15--chr1]"]
IRF9--KLHL36	2	0	NA	NA	INCL_NON_REF_SPLICE	IRF9^ENSG00000213928.7	chr14:24163056:+	KLHL36^ENSG00000135686.11	chr16:84659497:+	A00275:415:HNLFCDMXX:2:2285:19370:28526,A00275:415:HNLFCDMXX:1:1473:17445:7028	.	YES_LDAS	GT	1.8892	AG	1.7968	["INTERCHROMOSOMAL[chr14--chr16]"]
CDK19--MARCH7	2	0	NA	NA	ONLY_REF_SPLICE	CDK19^ENSG00000155111.13	chr6:110815009:-	MARCH7^ENSG00000136536.13	chr2:159729009:+	A00275:415:HNLFCDMXX:2:2314:32886:25347,A00275:415:HNLFCDMXX:2:1280:24352:12790	.	NO_LDAS	GT	1.5329	AG	1.4716	["INTERCHROMOSOMAL[chr6--chr2]"]
BLOC1S5--TXNDC5	2	0	NA	NA	ONLY_REF_SPLICE	BLOC1S5^ENSG00000188428.15	chr6:8026367:-	TXNDC5^ENSG00000239264.7	chr6:7904723:-	A00275:415:HNLFCDMXX:2:2363:31051:2409,A00275:415:HNLFCDMXX:2:1338:20934:32581	.	YES_LDAS	GT	1.3383	AG	1.9656	["TCGA_StarF2019","CCLE_StarF2019","INTRACHROMOSOMAL[chr6:0.10Mb]"]
ZNF84--TMTC2	1	0	NA	NA	ONLY_REF_SPLICE	ZNF84^ENSG00000198040.9	chr12:133048848:+	TMTC2^ENSG00000179104.7	chr12:82857010:+	A00275:415:HNLFCDMXX:2:2380:12834:3396	.	YES_LDAS	GT	1.9656	AG	1.9656	["INTRACHROMOSOMAL[chr12:49.90Mb]"]
ZNF761--RP1-28O17.1	1	0	NA	NA	ONLY_REF_SPLICE	ZNF761^ENSG00000160336.13	chr19:53432028:+	RP1-28O17.1^ENSG00000230472.4	chr6:50595328:-	A00275:415:HNLFCDMXX:1:1168:12852:7686	.	YES_LDAS	GT	1.5628	AG	1.9329	["INTERCHROMOSOMAL[chr19--chr6]"]
ZNF638--SEMA3A	1	0	NA	NA	INCL_NON_REF_SPLICE	ZNF638^ENSG00000075292.17	chr2:71433283:+	SEMA3A^ENSG00000075213.9	chr7:83956157:-	A00275:415:HNLFCDMXX:1:2279:16975:18490	.	NO_LDAS	GT	1.7232	AG	1.9656	["INTERCHROMOSOMAL[chr2--chr7]"]
ZNF597--SURF6	1	0	NA	NA	ONLY_REF_SPLICE	ZNF597^ENSG00000167981.5	chr16:3440807:-	SURF6^ENSG00000148296.6	chr9:133334601:-	A00275:415:HNLFCDMXX:2:2221:3513:12555	.	YES_LDAS	GT	1.8323	AG	1.8892	["INTERCHROMOSOMAL[chr16--chr9]"]
ZNF490--QTRT1	1	0	NA	NA	ONLY_REF_SPLICE	ZNF490^ENSG00000188033.8	chr19:12609158:-	QTRT1^ENSG00000213339.7	chr19:10701950:+	A00275:415:HNLFCDMXX:2:1362:11840:30044	.	YES_LDAS	GT	1.7465	AG	1.9086	["INTRACHROMOSOMAL[chr19:1.86Mb]"]
ZNF446--R3HDM2	1	0	NA	NA	INCL_NON_REF_SPLICE	ZNF446^ENSG00000083838.14	chr19:58481068:+	R3HDM2^ENSG00000179912.18	chr12:57258060:-	A00275:415:HNLFCDMXX:2:1423:14226:6840	.	YES_LDAS	GT	1.7968	AG	1.9656	["INTERCHROMOSOMAL[chr19--chr12]"]
ZNF207--BCLAF1	1	0	NA	NA	INCL_NON_REF_SPLICE	ZNF207^ENSG00000010244.15	chr17:32362988:+	BCLAF1^ENSG00000029363.14	chr6:136289851:-	A00275:415:HNLFCDMXX:1:2429:26973:35211	.	NO_LDAS	AT	1.9656	AC	1.8256	["INTERCHROMOSOMAL[chr17--chr6]"]
ZBTB17--RNF149	1	0	NA	NA	INCL_NON_REF_SPLICE	ZBTB17^ENSG00000116809.10	chr1:15947113:-	RNF149^ENSG00000163162.7	chr2:101276972:-	A00275:415:HNLFCDMXX:1:1208:30318:5212	.	NO_LDAS	GT	1.7232	AG	1.6895	["INTERCHROMOSOMAL[chr1--chr2]"]
YWHAQ--ABHD16A	1	0	NA	NA	INCL_NON_REF_SPLICE	YWHAQ^ENSG00000134308.12	chr2:9630198:-	ABHD16A^ENSG00000204427.10	chr6:31689634:-	A00275:415:HNLFCDMXX:2:2114:17381:30029	.	NO_LDAS	GT	1.8323	AG	1.7968	["INTERCHROMOSOMAL[chr2--chr6]"]
YPEL1--RPL27	1	0	NA	NA	INCL_NON_REF_SPLICE	YPEL1^ENSG00000100027.13	chr22:21703839:-	RPL27^ENSG00000131469.11	chr17:42998950:+	A00275:415:HNLFCDMXX:1:2163:24560:7858	.	NO_LDAS	GT	1.7056	AG	1.6402	["INTERCHROMOSOMAL[chr22--chr17]"]
YIF1A--NDUFV1	1	0	NA	NA	INCL_NON_REF_SPLICE	YIF1A^ENSG00000174851.13	chr11:66285488:-	NDUFV1^ENSG00000167792.10	chr11:67609483:+	A00275:415:HNLFCDMXX:2:2444:10330:32409	.	YES_LDAS	GT	1.8295	AG	1.3996	["INTRACHROMOSOMAL[chr11:1.32Mb]"]
YAP1--DMXL1	1	0	NA	NA	INCL_NON_REF_SPLICE	YAP1^ENSG00000137693.12	chr11:102231325:+	DMXL1^ENSG00000172869.13	chr5:119237386:+	A00275:415:HNLFCDMXX:2:1442:8730:2957	.	YES_LDAS	GT	1.6895	AG	1.9899	["INTERCHROMOSOMAL[chr11--chr5]"]
WWOX--RAB21	1	0	NA	NA	ONLY_REF_SPLICE	WWOX^ENSG00000186153.15	chr16:78432752:+	RAB21^ENSG00000080371.5	chr12:71769800:+	A00275:415:HNLFCDMXX:2:1271:28311:28197	.	YES_LDAS	GT	1.9329	AG	1.8256	["INTERCHROMOSOMAL[chr16--chr12]"]
UTRN--ITGA8	1	0	NA	NA	ONLY_REF_SPLICE	UTRN^ENSG00000152818.17	chr6:144803147:+	ITGA8^ENSG00000077943.7	chr10:15531151:-	A00275:415:HNLFCDMXX:1:2356:7455:8171	.	YES_LDAS	GT	1.8323	AG	1.7232	["INTERCHROMOSOMAL[chr6--chr10]"]
USP48--SDHC	1	0	NA	NA	ONLY_REF_SPLICE	USP48^ENSG00000090686.14	chr1:21747067:-	SDHC^ENSG00000143252.13	chr1:161323614:+	A00275:415:HNLFCDMXX:1:2301:22101:31344	.	YES_LDAS	GT	1.7465	AG	1.9899	["INTRACHROMOSOMAL[chr1:139.53Mb]"]
USP47--ST5	1	0	NA	NA	ONLY_REF_SPLICE	USP47^ENSG00000170242.16	chr11:11922891:+	ST5^ENSG00000166444.16	chr11:8750725:-	A00275:415:HNLFCDMXX:2:1120:27254:5635	.	NO_LDAS	GT	1.9329	AG	1.7819	["INTRACHROMOSOMAL[chr11:2.93Mb]"]
UPK3B--PMS2P11	1	0	NA	NA	INCL_NON_REF_SPLICE	UPK3B^ENSG00000243566.5	chr7:76511882:+	PMS2P11^ENSG00000241350.1	chr7:77011880:+	A00275:415:HNLFCDMXX:1:2341:15004:30733	.	NO_LDAS	GT	1.8295	AG	1.8892	["INTRACHROMOSOMAL[chr7:0.50Mb]"]
UNK--SMARCD2	1	0	NA	NA	ONLY_REF_SPLICE	UNK^ENSG00000132478.8	chr17:75820108:+	SMARCD2^ENSG00000108604.14	chr17:63834800:-	A00275:415:HNLFCDMXX:2:1217:29423:4507	.	YES_LDAS	GT	1.9656	AG	1.7465	["INTRACHROMOSOMAL[chr17:11.94Mb]"]
UBR5--MX1	1	0	NA	NA	ONLY_REF_SPLICE	UBR5^ENSG00000104517.11	chr8:102268978:-	MX1^ENSG00000157601.12	chr21:41449137:+	A00275:415:HNLFCDMXX:2:1348:8730:7059	.	YES_LDAS	GT	1.9899	AG	1.8323	["INTERCHROMOSOMAL[chr8--chr21]"]
UBE3A--PMM1	1	0	NA	NA	INCL_NON_REF_SPLICE	UBE3A^ENSG00000114062.16	chr15:25337226:-	PMM1^ENSG00000100417.10	chr22:41584500:-	A00275:415:HNLFCDMXX:1:1332:19922:37027	.	NO_LDAS	GT	1.7819	AG	1.8892	["INTERCHROMOSOMAL[chr15--chr22]"]
UBAP2L--PPAPDC1B	1	0	NA	NA	ONLY_REF_SPLICE	UBAP2L^ENSG00000143569.17	chr1:154254089:+	PPAPDC1B^ENSG00000147535.15	chr8:38267391:-	A00275:415:HNLFCDMXX:2:1229:15058:19272	.	YES_LDAS	GT	1.9329	AG	1.9219	["INTERCHROMOSOMAL[chr1--chr8]"]
UBA7--C21orf33	1	0	NA	NA	INCL_NON_REF_SPLICE	UBA7^ENSG00000182179.9	chr3:49808020:-	C21orf33^ENSG00000160221.15	chr21:44136969:+	A00275:415:HNLFCDMXX:2:2479:9507:8938	.	NO_LDAS	GT	1.8892	AG	1.8892	["INTERCHROMOSOMAL[chr3--chr21]"]
UBA52--CLPTM1	1	0	NA	NA	INCL_NON_REF_SPLICE	UBA52^ENSG00000221983.6	chr19:18573748:+	CLPTM1^ENSG00000104853.14	chr19:44992871:+	A00275:415:HNLFCDMXX:2:1256:26874:22169	.	NO_LDAS	GT	1.6402	AG	1.5656	["INTRACHROMOSOMAL[chr19:26.38Mb]"]
TXLNGY--TTLL10	1	0	NA	NA	ONLY_REF_SPLICE	TXLNGY^ENSG00000131002.10	chrY:19587507:+	TTLL10^ENSG00000162571.12	chr1:1179189:+	A00275:415:HNLFCDMXX:1:1438:29288:33739	.	YES_LDAS	GT	1.6729	AG	1.2729	["INTERCHROMOSOMAL[chrY--chr1]"]
TVP23B--CDRT4	1	0	NA	NA	ONLY_REF_SPLICE	TVP23B^ENSG00000171928.12	chr17:18804266:+	CDRT4^ENSG00000239704.9	chr17:15438200:-	A00275:415:HNLFCDMXX:2:2340:29532:29246	.	NO_LDAS	GT	1.8323	AG	1.6402	["INTRACHROMOSOMAL[chr17:3.31Mb]"]
TSTD3--PRKAR1B	1	0	NA	NA	INCL_NON_REF_SPLICE	TSTD3^ENSG00000228439.4	chr6:99531790:+	PRKAR1B^ENSG00000188191.13	chr7:711527:-	A00275:415:HNLFCDMXX:2:2151:11794:35258	.	YES_LDAS	GT	1.9329	AG	1.5656	["INTERCHROMOSOMAL[chr6--chr7]"]
TSC1--RP11-434E6.2	1	0	NA	NA	INCL_NON_REF_SPLICE	TSC1^ENSG00000165699.12	chr9:132895937:-	RP11-434E6.2^ENSG00000261803.1	chr16:54366401:-	A00275:415:HNLFCDMXX:2:1410:11071:26678	.	NO_LDAS	AT	1.3383	AC	1.9086	["INTERCHROMOSOMAL[chr9--chr16]"]
TRAV1-2--TRAJ33	1	0	NA	NA	INCL_NON_REF_SPLICE	TRAV1-2^ENSG00000256553.1	chr14:21643586:+	TRAJ33^ENSG00000211856.1	chr14:22508606:+	A00275:415:HNLFCDMXX:2:1337:1235:34319	.	YES_LDAS	CA	1.8892	GA	1.9086	["HGNC_GENEFAM","GTEx_recurrent_StarF2019","ChimerPub","INTRACHROMOSOMAL[chr14:0.87Mb]"]
TPM3P9--RP1-28O17.1	1	0	NA	NA	ONLY_REF_SPLICE	TPM3P9^ENSG00000241015.2	chr19:53432028:+	RP1-28O17.1^ENSG00000230472.4	chr6:50595328:-	A00275:415:HNLFCDMXX:1:1168:12852:7686	.	YES_LDAS	GT	1.5628	AG	1.9329	["INTERCHROMOSOMAL[chr19--chr6]"]
TNS2--MED14OS	1	0	NA	NA	INCL_NON_REF_SPLICE	TNS2^ENSG00000111077.16	chr12:53055690:+	MED14OS^ENSG00000234636.2	chrX:40735745:+	A00275:415:HNLFCDMXX:2:2341:14787:15013	.	NO_LDAS	GT	1.9656	AG	1.8892	["INTERCHROMOSOMAL[chr12--chrX]"]
TNRC6A--CYHR1	1	0	NA	NA	ONLY_REF_SPLICE	TNRC6A^ENSG00000090905.16	chr16:24729846:+	CYHR1^ENSG00000187954.11	chr8:144465096:-	A00275:415:HNLFCDMXX:1:1407:7473:3443	.	YES_LDAS	GT	1.9329	AG	1.7465	["INTERCHROMOSOMAL[chr16--chr8]"]
TMEM248--RP1-46F2.3	1	0	NA	NA	ONLY_REF_SPLICE	TMEM248^ENSG00000106609.15	chr7:66953369:+	RP1-46F2.3^ENSG00000258240.4	chr12:110956336:-	A00275:415:HNLFCDMXX:2:1278:9742:25786	.	NO_LDAS	GT	1.9656	AG	1.8062	["INTERCHROMOSOMAL[chr7--chr12]"]
TMEM138--TSC2	1	0	NA	NA	ONLY_REF_SPLICE	TMEM138^ENSG00000149483.10	chr11:61366216:+	TSC2^ENSG00000103197.15	chr16:2065519:+	A00275:415:HNLFCDMXX:1:1433:17806:11663	.	YES_LDAS	GT	1.9086	AG	1.7819	["INTERCHROMOSOMAL[chr11--chr16]"]
TMEM101--SNRPN	1	0	NA	NA	ONLY_REF_SPLICE	TMEM101^ENSG00000091947.8	chr17:44023039:-	SNRPN^ENSG00000128739.19	chr15:24974311:+	A00275:415:HNLFCDMXX:2:1444:5963:32456	.	YES_LDAS	GT	1.9086	AG	1.7056	["INTERCHROMOSOMAL[chr17--chr15]"]
TMC6--MTA1	1	0	NA	NA	INCL_NON_REF_SPLICE	TMC6^ENSG00000141524.14	chr17:78125158:-	MTA1^ENSG00000182979.16	chr14:105454235:+	A00275:415:HNLFCDMXX:1:1384:32651:30671	.	NO_LDAS	GT	1.8256	AG	1.9656	["INTERCHROMOSOMAL[chr17--chr14]"]
TMA7--TGFB1I1	1	0	NA	NA	INCL_NON_REF_SPLICE	TMA7^ENSG00000232112.3	chr3:48440628:+	TGFB1I1^ENSG00000140682.17	chr16:31473551:+	A00275:415:HNLFCDMXX:1:1141:20410:17519	.	NO_LDAS	GT	1.7232	AG	1.9329	["INTERCHROMOSOMAL[chr3--chr16]"]
TLE1--ADAM9	1	0	NA	NA	INCL_NON_REF_SPLICE	TLE1^ENSG00000196781.12	chr9:81584219:-	ADAM9^ENSG00000168615.10	chr8:39090153:+	A00275:415:HNLFCDMXX:2:1322:24469:34569	.	NO_LDAS	GT	1.7465	AG	1.8295	["INTERCHROMOSOMAL[chr9--chr8]"]
TGFBI--DDOST	1	0	NA	NA	INCL_NON_REF_SPLICE	TGFBI^ENSG00000120708.15	chr5:136055816:+	DDOST^ENSG00000244038.8	chr1:20656129:-	A00275:415:HNLFCDMXX:1:1271:27832:22889	.	NO_LDAS	GT	1.9656	AG	1.7819	["INTERCHROMOSOMAL[chr5--chr1]"]
TGFB3--ABLIM1	1	0	NA	NA	INCL_NON_REF_SPLICE	TGFB3^ENSG00000119699.6	chr14:75971681:-	ABLIM1^ENSG00000099204.17	chr10:114432476:-	A00275:415:HNLFCDMXX:2:2256:15076:11537	.	YES_LDAS	GT	1.9656	AG	1.8323	["INTERCHROMOSOMAL[chr14--chr10]"]
TES--DYM	1	0	NA	NA	ONLY_REF_SPLICE	TES^ENSG00000135269.16	chr7:116223026:+	DYM^ENSG00000141627.12	chr18:49379758:-	A00275:415:HNLFCDMXX:1:2332:5918:6449	.	YES_LDAS	GT	1.8062	AG	1.8062	["INTERCHROMOSOMAL[chr7--chr18]"]
TBCD--BMP2K	1	0	NA	NA	ONLY_REF_SPLICE	TBCD^ENSG00000141556.19	chr17:82814934:+	BMP2K^ENSG00000138756.16	chr4:78826037:+	A00275:415:HNLFCDMXX:2:1238:17544:14685	.	YES_LDAS	GT	1.9329	AG	1.9899	["INTERCHROMOSOMAL[chr17--chr4]"]
TAF2--WWP1	1	0	NA	NA	INCL_NON_REF_SPLICE	TAF2^ENSG00000064313.10	chr8:119756006:-	WWP1^ENSG00000123124.12	chr8:86448441:+	A00275:415:HNLFCDMXX:2:1409:14959:31751	.	NO_LDAS	GT	1.8323	AG	1.8256	["INTRACHROMOSOMAL[chr8:33.25Mb]"]
TACR1--TUT1	1	0	NA	NA	INCL_NON_REF_SPLICE	TACR1^ENSG00000115353.9	chr2:75047124:-	TUT1^ENSG00000149016.14	chr11:62575584:-	A00275:415:HNLFCDMXX:2:1483:30861:4648	.	NO_LDAS	GT	1.5058	AG	1.8323	["INTERCHROMOSOMAL[chr2--chr11]"]
SYNJ2--SNX9	1	0	NA	NA	ONLY_REF_SPLICE	SYNJ2^ENSG00000078269.12	chr6:158017290:+	SNX9^ENSG00000130340.13	chr6:157921531:+	A00275:415:HNLFCDMXX:2:1419:27724:4288	.	YES_LDAS	GT	1.9329	AG	1.9219	["INTRACHROMOSOMAL[chr6:0.04Mb]","LOCAL_REARRANGEMENT:+:[36810]"]
SYNGR2--ESRRB	1	0	NA	NA	ONLY_REF_SPLICE	SYNGR2^ENSG00000108639.6	chr17:78168715:+	ESRRB^ENSG00000119715.13	chr14:76482016:+	A00275:415:HNLFCDMXX:2:2358:31991:29309	.	NO_LDAS	GT	1.5656	AG	1.8256	["INTERCHROMOSOMAL[chr17--chr14]"]
SUPT20H--MDN1	1	0	NA	NA	ONLY_REF_SPLICE	SUPT20H^ENSG00000102710.18	chr13:37026204:-	MDN1^ENSG00000112159.10	chr6:89688808:-	A00275:415:HNLFCDMXX:1:1132:23999:14403	.	YES_LDAS	GT	1.8892	AG	1.8256	["INTERCHROMOSOMAL[chr13--chr6]"]
STOML2--CDO1	1	0	NA	NA	INCL_NON_REF_SPLICE	STOML2^ENSG00000165283.14	chr9:35101904:-	CDO1^ENSG00000129596.4	chr5:115805206:-	A00275:415:HNLFCDMXX:2:1437:13612:22216	.	YES_LDAS	GT	1.9656	AG	1.9329	["INTERCHROMOSOMAL[chr9--chr5]"]
STAG2--ZBTB1	1	0	NA	NA	ONLY_REF_SPLICE	STAG2^ENSG00000101972.17	chrX:123961856:+	ZBTB1^ENSG00000126804.12	chr14:64516600:+	A00275:415:HNLFCDMXX:2:2164:29975:23218	.	YES_LDAS	GT	1.8323	AG	1.8323	["INTERCHROMOSOMAL[chrX--chr14]"]
ST13--RNF113A	1	0	NA	NA	INCL_NON_REF_SPLICE	ST13^ENSG00000100380.11	chr22:40856431:-	RNF113A^ENSG00000125352.5	chrX:119870932:-	A00275:415:HNLFCDMXX:1:1165:4426:25911	.	NO_LDAS	GT	1.2419	AG	1.9219	["INTERCHROMOSOMAL[chr22--chrX]"]
SSU72--WNT7B	1	0	NA	NA	INCL_NON_REF_SPLICE	SSU72^ENSG00000160075.11	chr1:1564605:-	WNT7B^ENSG00000188064.8	chr22:45931369:-	A00275:415:HNLFCDMXX:1:2129:27434:10113	.	YES_LDAS	GT	1.9086	AG	1.7232	["INTERCHROMOSOMAL[chr1--chr22]"]
SRSF2--ATP5I	1	0	NA	NA	INCL_NON_REF_SPLICE	SRSF2^ENSG00000161547.13	chr17:76736394:-	ATP5I^ENSG00000169020.8	chr4:673401:-	A00275:415:HNLFCDMXX:1:2371:32624:24831	.	NO_LDAS	GC	1.9219	AG	1.5656	["INTERCHROMOSOMAL[chr17--chr4]"]
SPTLC1--PTPRG-AS1	1	0	NA	NA	INCL_NON_REF_SPLICE	SPTLC1^ENSG00000090054.12	chr9:92011411:-	PTPRG-AS1^ENSG00000241472.5	chr3:62264142:-	A00275:415:HNLFCDMXX:2:1436:19633:25598	.	YES_LDAS	GT	1.7968	AG	1.9656	["INTERCHROMOSOMAL[chr9--chr3]"]
SORBS2--ZFAND6	1	0	NA	NA	ONLY_REF_SPLICE	SORBS2^ENSG00000154556.16	chr4:185811664:-	ZFAND6^ENSG00000086666.17	chr15:80120328:+	A00275:415:HNLFCDMXX:2:2310:14118:19993	.	YES_LDAS	GT	1.8892	AG	1.8892	["INTERCHROMOSOMAL[chr4--chr15]"]
SNX29--GSPT1	1	0	NA	NA	ONLY_REF_SPLICE	SNX29^ENSG00000048471.12	chr16:12052222:+	GSPT1^ENSG00000103342.11	chr16:11898035:-	A00275:415:HNLFCDMXX:1:1464:28212:34475	.	YES_LDAS	GT	1.8062	AG	1.9656	["INTRACHROMOSOMAL[chr16:0.06Mb]","LOCAL_INVERSION:+:-:[60655]"]
SMARCC1--MAP4	1	0	NA	NA	ONLY_REF_SPLICE	SMARCC1^ENSG00000173473.9	chr3:47661294:-	MAP4^ENSG00000047849.20	chr3:47928350:-	A00275:415:HNLFCDMXX:2:2384:14299:1548	.	YES_LDAS	GT	1.9086	AG	1.9899	["CCLE_StarF2019","ChimerSeq","TCGA_StarF2019","INTRACHROMOSOMAL[chr3:0.07Mb]","LOCAL_REARRANGEMENT:-:[68584]"]
SMARCAD1--LRPPRC	1	0	NA	NA	ONLY_REF_SPLICE	SMARCAD1^ENSG00000163104.16	chr4:94285069:+	LRPPRC^ENSG00000138095.17	chr2:43975217:-	A00275:415:HNLFCDMXX:2:1115:22336:5760	.	YES_LDAS	GT	1.8892	AG	1.8256	["INTERCHROMOSOMAL[chr4--chr2]"]
SMAD2--GRHL1	1	0	NA	NA	ONLY_REF_SPLICE	SMAD2^ENSG00000175387.14	chr18:47851274:-	GRHL1^ENSG00000134317.16	chr2:9998965:+	A00275:415:HNLFCDMXX:1:1348:14498:4366	.	YES_LDAS	GT	1.8892	AG	1.7465	["INTERCHROMOSOMAL[chr18--chr2]"]
SLC38A11--ATP5E	1	0	NA	NA	INCL_NON_REF_SPLICE	SLC38A11^ENSG00000169507.8	chr2:164911636:-	ATP5E^ENSG00000124172.8	chr20:59030314:-	A00275:415:HNLFCDMXX:2:1359:29288:26412	.	NO_LDAS	GT	1.8256	AG	1.7465	["INTERCHROMOSOMAL[chr2--chr20]"]
SLC2A13--OSBPL10	1	0	NA	NA	ONLY_REF_SPLICE	SLC2A13^ENSG00000151229.11	chr12:40105253:-	OSBPL10^ENSG00000144645.12	chr3:31670983:-	A00275:415:HNLFCDMXX:2:1445:22417:23218	.	NO_LDAS	GT	1.8892	AG	1.7819	["INTERCHROMOSOMAL[chr12--chr3]"]
SETD7--CAPZB	1	0	NA	NA	ONLY_REF_SPLICE	SETD7^ENSG00000145391.12	chr4:139556098:-	CAPZB^ENSG00000077549.16	chr1:19419750:-	A00275:415:HNLFCDMXX:2:1447:8015:13213	.	NO_LDAS	GT	1.4716	AG	1.9656	["INTERCHROMOSOMAL[chr4--chr1]"]
SETD2--WDR89	1	0	NA	NA	ONLY_REF_SPLICE	SETD2^ENSG00000181555.18	chr3:47083720:-	WDR89^ENSG00000140006.10	chr14:63599973:-	A00275:415:HNLFCDMXX:1:2451:27950:4085	.	YES_LDAS	GT	1.7968	AG	1.7465	["INTERCHROMOSOMAL[chr3--chr14]"]
SERPINB9P1--FIP1L1	1	0	NA	NA	ONLY_REF_SPLICE	SERPINB9P1^ENSG00000230438.6	chr6:2876293:-	FIP1L1^ENSG00000145216.14	chr4:53383773:+	A00275:415:HNLFCDMXX:1:2238:18846:30499	.	YES_LDAS	GT	1.5058	AG	1.8892	["INTERCHROMOSOMAL[chr6--chr4]"]
SEPT10--RANBP10	1	0	NA	NA	INCL_NON_REF_SPLICE	SEPT10^ENSG00000186522.13	chr2:109585725:-	RANBP10^ENSG00000141084.9	chr16:67725233:-	A00275:415:HNLFCDMXX:2:2329:9471:2080	.	NO_LDAS	GT	1.5546	AG	1.9219	["INTERCHROMOSOMAL[chr2--chr16]"]
SEL1L--ATL1	1	0	NA	NA	ONLY_REF_SPLICE	SEL1L^ENSG00000071537.12	chr14:81533675:-	ATL1^ENSG00000198513.10	chr14:50620599:+	A00275:415:HNLFCDMXX:2:1436:24288:25520	.	YES_LDAS	GT	1.5058	AG	1.4566	["INTRACHROMOSOMAL[chr14:30.84Mb]"]
SEC23A--DIABLO	1	0	NA	NA	ONLY_REF_SPLICE	SEC23A^ENSG00000100934.13	chr14:39048652:-	DIABLO^ENSG00000184047.14	chr12:122218775:-	A00275:415:HNLFCDMXX:1:1104:25446:9486	.	YES_LDAS	GT	1.7819	AG	1.8892	["INTERCHROMOSOMAL[chr14--chr12]"]
SCAMP2--MAPK7	1	0	NA	NA	INCL_NON_REF_SPLICE	SCAMP2^ENSG00000140497.15	chr15:74851451:-	MAPK7^ENSG00000166484.18	chr17:19381125:+	A00275:415:HNLFCDMXX:2:2258:31656:35274	.	YES_LDAS	GT	1.2419	AG	1.7819	["INTERCHROMOSOMAL[chr15--chr17]"]
SAMD5--RP11-307P5.1	1	0	NA	NA	ONLY_REF_SPLICE	SAMD5^ENSG00000203727.3	chr6:147509387:+	RP11-307P5.1^ENSG00000227681.4	chr6:147733729:+	A00275:415:HNLFCDMXX:2:1471:16396:4523	.	YES_LDAS	GT	1.8295	AG	1.5219	["INTRACHROMOSOMAL[chr6:0.09Mb]","NEIGHBORS[90682]"]
SAMD12-AS1--COLEC10	1	0	NA	NA	INCL_NON_REF_SPLICE	SAMD12-AS1^ENSG00000281641.1	chr8:118764384:+	COLEC10^ENSG00000184374.2	chr8:119089680:+	A00275:415:HNLFCDMXX:2:1481:17083:3427	.	YES_LDAS	GT	1.9656	AG	1.5219	["CCLE_StarF2019","INTRACHROMOSOMAL[chr8:0.14Mb]"]
SACS--EXOC4	1	0	NA	NA	ONLY_REF_SPLICE	SACS^ENSG00000151835.12	chr13:23411220:-	EXOC4^ENSG00000131558.13	chr7:133317284:+	A00275:415:HNLFCDMXX:2:2155:28402:13604	.	YES_LDAS	GT	1.5058	AG	1.9656	["INTERCHROMOSOMAL[chr13--chr7]"]
RUFY3--ZNF395	1	0	NA	NA	ONLY_REF_SPLICE	RUFY3^ENSG00000018189.11	chr4:70705294:+	ZNF395^ENSG00000186918.12	chr8:28361142:-	A00275:415:HNLFCDMXX:1:1333:17381:15875	.	YES_LDAS	GT	1.5656	AG	1.3996	["INTERCHROMOSOMAL[chr4--chr8]"]
RUFY3--FBXO16	1	0	NA	NA	INCL_NON_REF_SPLICE	RUFY3^ENSG00000018189.11	chr4:70705294:+	FBXO16^ENSG00000214050.6	chr8:28361142:-	A00275:415:HNLFCDMXX:1:1333:17381:15875	.	YES_LDAS	GT	1.5656	AG	1.3996	["INTERCHROMOSOMAL[chr4--chr8]"]
RRP7A--ADRBK1	1	0	NA	NA	INCL_NON_REF_SPLICE	RRP7A^ENSG00000189306.9	chr22:42516042:-	ADRBK1^ENSG00000173020.9	chr11:67285521:+	A00275:415:HNLFCDMXX:1:2123:24352:34679	.	NO_LDAS	GT	1.8062	AG	1.8256	["INTERCHROMOSOMAL[chr22--chr11]"]
RPS17P14--RP11-478C6.4	1	0	NA	NA	INCL_NON_REF_SPLICE	RPS17P14^ENSG00000243287.2	chr8:108379285:-	RP11-478C6.4^ENSG00000250321.1	chr4:342962:-	A00275:415:HNLFCDMXX:1:2140:26558:21496	.	NO_LDAS	GT	1.8892	AG	1.9329	["INTERCHROMOSOMAL[chr8--chr4]"]
RPL3P7--ZBP1	1	0	NA	NA	INCL_NON_REF_SPLICE	RPL3P7^ENSG00000225093.1	chr6:108004879:-	ZBP1^ENSG00000124256.13	chr20:57615556:-	A00275:415:HNLFCDMXX:1:1208:25581:11851	.	YES_LDAS	GT	1.6895	AG	1.8892	["INTERCHROMOSOMAL[chr6--chr20]"]
RPL29--LRRC40	1	0	NA	NA	INCL_NON_REF_SPLICE	RPL29^ENSG00000162244.9	chr3:51993851:-	LRRC40^ENSG00000066557.5	chr1:70145905:-	A00275:415:HNLFCDMXX:1:1438:9769:7733	.	YES_LDAS	GC	1.5656	AG	1.8892	["INTERCHROMOSOMAL[chr3--chr1]"]
RPL17--RPL17P12	1	0	NA	NA	INCL_NON_REF_SPLICE	RPL17^ENSG00000265681.5	chr18:49491405:-	RPL17P12^ENSG00000230559.1	chr2:146194373:+	A00275:415:HNLFCDMXX:1:1357:21983:22216	.	NO_LDAS	GT	1.9219	AG	1.8892	["TCGA_StarF2019","CCLE_StarF2019","INTERCHROMOSOMAL[chr18--chr2]"]
RPA1--ATP5D	1	0	NA	NA	ONLY_REF_SPLICE	RPA1^ENSG00000132383.10	chr17:1830126:+	ATP5D^ENSG00000099624.6	chr19:1244097:+	A00275:415:HNLFCDMXX:1:1150:23357:3239	.	YES_LDAS	GT	1.7232	AG	1.9656	["INTERCHROMOSOMAL[chr17--chr19]"]
RP5-940J5.9--GUK1	1	0	NA	NA	INCL_NON_REF_SPLICE	RP5-940J5.9^ENSG00000269968.1	chr12:6538185:-	GUK1^ENSG00000143774.15	chr1:228147615:+	A00275:415:HNLFCDMXX:2:1306:19479:1407	.	NO_LDAS	GT	1.5656	AG	1.6402	["INTERCHROMOSOMAL[chr12--chr1]"]
RP5-1059L7.1--BAIAP2-AS1	1	0	NA	NA	INCL_NON_REF_SPLICE	RP5-1059L7.1^ENSG00000278709.1	chr20:57712025:+	BAIAP2-AS1^ENSG00000226137.5	chr17:81031063:-	A00275:415:HNLFCDMXX:1:2134:16188:6511	.	YES_LDAS	GT	1.8295	AG	1.9329	["INTERCHROMOSOMAL[chr20--chr17]"]
RP4-769N13.6--GPRASP2	1	0	NA	NA	ONLY_REF_SPLICE	RP4-769N13.6^ENSG00000271147.6	chrX:102605653:+	GPRASP2^ENSG00000158301.17	chrX:102713782:+	A00275:415:HNLFCDMXX:1:1263:23529:10864	.	YES_LDAS	GT	1.6895	AG	1.9656	["INTRACHROMOSOMAL[chrX:0.06Mb]","NEIGHBORS[62031]"]
RP4-601P9.2--TRANK1	1	0	NA	NA	ONLY_REF_SPLICE	RP4-601P9.2^ENSG00000257817.1	chr12:114748210:+	TRANK1^ENSG00000168016.12	chr3:36829662:-	A00275:415:HNLFCDMXX:2:1408:19831:10410	.	NO_LDAS	GT	1.9329	AG	1.6402	["INTERCHROMOSOMAL[chr12--chr3]"]
RP4-535B20.1--JAK1	1	0	NA	NA	INCL_NON_REF_SPLICE	RP4-535B20.1^ENSG00000231485.1	chr1:65066628:-	JAK1^ENSG00000162434.10	chr1:64886341:-	A00275:415:HNLFCDMXX:1:1250:10375:33082	.	YES_LDAS	GT	1.8295	AG	1.9656	["INTRACHROMOSOMAL[chr1:0.10Mb]"]
RP3-333H23.8--MRPL52	1	0	NA	NA	INCL_NON_REF_SPLICE	RP3-333H23.8^ENSG00000224794.1	chr22:39293976:+	MRPL52^ENSG00000172590.17	chr14:22834172:+	A00275:415:HNLFCDMXX:1:1221:19741:13792	.	YES_LDAS	GT	1.5219	AG	1.9329	["INTERCHROMOSOMAL[chr22--chr14]"]
RP11-983P16.4--KHDRBS1	1	0	NA	NA	INCL_NON_REF_SPLICE	RP11-983P16.4^ENSG00000257337.5	chr12:53053396:-	KHDRBS1^ENSG00000121774.16	chr1:32044761:+	A00275:415:HNLFCDMXX:1:2288:2998:16986	.	YES_LDAS	GT	1.7465	AG	1.8295	["INTERCHROMOSOMAL[chr12--chr1]"]
RP11-91P24.7--RSF1	1	0	NA	NA	ONLY_REF_SPLICE	RP11-91P24.7^ENSG00000254459.1	chr11:77872152:-	RSF1^ENSG00000048649.12	chr11:77747128:-	A00275:415:HNLFCDMXX:2:2288:26458:18975	.	YES_LDAS	GT	1.4295	AG	1.9086	["INTRACHROMOSOMAL[chr11:0.01Mb]","NEIGHBORS[8637]"]
RP11-678G14.2--ZNF493	1	0	NA	NA	ONLY_REF_SPLICE	RP11-678G14.2^ENSG00000268081.1	chr19:21569104:-	ZNF493^ENSG00000196268.10	chr19:21405761:+	A00275:415:HNLFCDMXX:1:1470:14154:2080	.	YES_LDAS	GT	1.8323	AG	1.8295	["INTRACHROMOSOMAL[chr19:0.13Mb]"]
RP11-626H12.1--ANO1	1	0	NA	NA	ONLY_REF_SPLICE	RP11-626H12.1^ENSG00000255191.1	chr11:69986166:+	ANO1^ENSG00000131620.16	chr11:70103066:+	A00275:415:HNLFCDMXX:1:1427:3595:14481	.	NO_LDAS	GT	1.8892	AG	1.7968	["INTRACHROMOSOMAL[chr11:0.06Mb]","NEIGHBORS[62487]"]
RP11-473I1.9--CBS	1	0	NA	NA	INCL_NON_REF_SPLICE	RP11-473I1.9^ENSG00000263244.2	chr16:9109007:+	CBS^ENSG00000160200.16	chr21:43066377:-	A00275:415:HNLFCDMXX:1:2151:21423:1485	.	NO_LDAS	GT	1.9329	AG	1.8892	["INTERCHROMOSOMAL[chr16--chr21]"]
RP11-473I1.9--CBS	1	0	NA	NA	INCL_NON_REF_SPLICE	RP11-473I1.9^ENSG00000263244.2	chr16:9109007:+	CBS^ENSG00000274276.3	chr21:6458055:-	A00275:415:HNLFCDMXX:1:2151:21423:1485	.	NO_LDAS	GT	1.9329	AG	1.8892	["INTERCHROMOSOMAL[chr16--chr21]"]
RP11-466L17.1--RP11-90C4.1	1	0	NA	NA	INCL_NON_REF_SPLICE	RP11-466L17.1^ENSG00000234810.1	chr1:55673317:+	RP11-90C4.1^ENSG00000233147.1	chr1:55832264:+	A00275:415:HNLFCDMXX:2:1318:27706:11992	.	YES_LDAS	GT	1.5628	AG	1.8256	["INTRACHROMOSOMAL[chr1:0.09Mb]","NEIGHBORS[88805]"]
RP11-444D3.1--SOX5	1	0	NA	NA	ONLY_REF_SPLICE	RP11-444D3.1^ENSG00000255864.4	chr12:24213343:-	SOX5^ENSG00000134532.14	chr12:23896024:-	A00275:415:HNLFCDMXX:2:2154:23303:35744	.	NO_LDAS	GT	1.8892	AG	1.9899	["INTRACHROMOSOMAL[chr12:0.26Mb]"]
RP11-439L18.2--HIVEP2	1	0	NA	NA	INCL_NON_REF_SPLICE	RP11-439L18.2^ENSG00000224460.1	chr6:142945944:-	HIVEP2^ENSG00000010818.7	chr6:142837047:-	A00275:415:HNLFCDMXX:1:1141:28836:32957	.	YES_LDAS	GT	1.9329	AG	1.9086	["INTRACHROMOSOMAL[chr6:0.00Mb]","NEIGHBORS[846]"]
RP11-381K20.2--KLHL3	1	0	NA	NA	INCL_NON_REF_SPLICE	RP11-381K20.2^ENSG00000250159.5	chr5:137858428:-	KLHL3^ENSG00000146021.13	chr5:137720863:-	A00275:415:HNLFCDMXX:1:1419:15609:31751	.	YES_LDAS	GT	1.7232	AG	1.8256	["INTRACHROMOSOMAL[chr5:0.08Mb]","NEIGHBORS[78243]"]
RP11-367G6.3--FAM65B	1	0	NA	NA	INCL_NON_REF_SPLICE	RP11-367G6.3^ENSG00000272053.1	chr6:25041851:-	FAM65B^ENSG00000111913.14	chr6:24936027:-	A00275:415:HNLFCDMXX:2:1169:21504:18411	.	YES_LDAS	GT	1.7465	AG	1.7465	["INTRACHROMOSOMAL[chr6:0.08Mb]","NEIGHBORS[78900]"]
RP11-356O9.1--MIPOL1	1	0	NA	NA	ONLY_REF_SPLICE	RP11-356O9.1^ENSG00000258414.1	chr14:37564362:+	MIPOL1^ENSG00000151338.17	chr14:37369517:+	A00275:415:HNLFCDMXX:1:2259:32714:36730	.	YES_LDAS	GT	1.9219	AG	1.9086	["INTRACHROMOSOMAL[chr14:0.01Mb]","LOCAL_REARRANGEMENT:+:[11686]"]
RP11-123O10.4--GRIP1	1	0	NA	NA	ONLY_REF_SPLICE	RP11-123O10.4^ENSG00000256248.1	chr12:67069050:-	GRIP1^ENSG00000155974.10	chr12:66596927:-	A00275:415:HNLFCDMXX:1:1441:12029:4758	.	YES_LDAS	GT	1.2729	AG	1.9656	["INTRACHROMOSOMAL[chr12:0.09Mb]","NEIGHBORS[87690]"]
RP1-59D14.5--ODF2L	1	0	NA	NA	ONLY_REF_SPLICE	RP1-59D14.5^ENSG00000263345.1	chr17:2377359:-	ODF2L^ENSG00000122417.14	chr1:86387086:-	A00275:415:HNLFCDMXX:1:2305:30273:16877	.	NO_LDAS	GT	1.9656	AG	1.8295	["INTERCHROMOSOMAL[chr17--chr1]"]
RNF31--KRT15	1	0	NA	NA	INCL_NON_REF_SPLICE	RNF31^ENSG00000092098.15	chr14:24148310:+	KRT15^ENSG00000171346.12	chr17:41514648:-	A00275:415:HNLFCDMXX:1:1259:23547:22952	.	NO_LDAS	GT	1.7819	AG	1.9329	["INTERCHROMOSOMAL[chr14--chr17]"]
RNF152--HAUS1	1	0	NA	NA	INCL_NON_REF_SPLICE	RNF152^ENSG00000176641.9	chr18:61892795:-	HAUS1^ENSG00000152240.11	chr18:46114965:+	A00275:415:HNLFCDMXX:2:1243:17083:10379	.	YES_LDAS	GT	1.9086	AG	1.9219	["INTRACHROMOSOMAL[chr18:15.68Mb]"]
RN7SL272P--RP11-269F19.2	1	0	NA	NA	INCL_NON_REF_SPLICE	RN7SL272P^ENSG00000242360.3	chr13:27989489:-	RP11-269F19.2^ENSG00000225721.4	chr1:44775878:-	A00275:415:HNLFCDMXX:2:2127:3007:5290	.	NO_LDAS	GT	1.8892	AG	1.9329	["INTERCHROMOSOMAL[chr13--chr1]"]
RMST_9--ANKEF1	1	0	NA	NA	INCL_NON_REF_SPLICE	RMST_9^ENSG00000276398.1	chr12:97561047:+	ANKEF1^ENSG00000132623.14	chr20:10044394:+	A00275:415:HNLFCDMXX:2:2243:18575:17910	.	YES_LDAS	GT	1.9329	AG	1.7465	["INTERCHROMOSOMAL[chr12--chr20]"]
RMST--ANKEF1	1	0	NA	NA	ONLY_REF_SPLICE	RMST^ENSG00000255794.5	chr12:97561047:+	ANKEF1^ENSG00000132623.14	chr20:10044394:+	A00275:415:HNLFCDMXX:2:2243:18575:17910	.	YES_LDAS	GT	1.9329	AG	1.7465	["INTERCHROMOSOMAL[chr12--chr20]"]
RICTOR--SEC24A	1	0	NA	NA	ONLY_REF_SPLICE	RICTOR^ENSG00000164327.11	chr5:38971877:-	SEC24A^ENSG00000113615.11	chr5:134661119:+	A00275:415:HNLFCDMXX:2:1111:16016:28072	.	NO_LDAS	GT	1.4566	AG	1.9899	["INTRACHROMOSOMAL[chr5:95.57Mb]"]
RBMS1--AGFG1	1	0	NA	NA	ONLY_REF_SPLICE	RBMS1^ENSG00000153250.16	chr2:160493289:-	AGFG1^ENSG00000173744.16	chr2:227491547:+	A00275:415:HNLFCDMXX:2:1403:5032:35102	.	YES_LDAS	GT	1.9656	AG	1.9656	["INTRACHROMOSOMAL[chr2:66.98Mb]"]
RARA--BCAR1	1	0	NA	NA	ONLY_REF_SPLICE	RARA^ENSG00000131759.16	chr17:40331396:+	BCAR1^ENSG00000050820.15	chr16:75243090:-	A00275:415:HNLFCDMXX:2:2315:31295:12508	.	NO_LDAS	GT	1.4716	AG	1.9329	["INTERCHROMOSOMAL[chr17--chr16]"]
RAPGEF6--MAT2B	1	0	NA	NA	ONLY_REF_SPLICE	RAPGEF6^ENSG00000158987.18	chr5:131439581:-	MAT2B^ENSG00000038274.15	chr5:163516518:+	A00275:415:HNLFCDMXX:2:1353:22507:9095	.	YES_LDAS	GT	1.7968	AG	1.8323	["INTRACHROMOSOMAL[chr5:31.87Mb]"]
RAPGEF6--MAT2B	1	0	NA	NA	ONLY_REF_SPLICE	RAPGEF6^ENSG00000281164.1	chr5:131439581:-	MAT2B^ENSG00000038274.15	chr5:163516518:+	A00275:415:HNLFCDMXX:2:1353:22507:9095	.	YES_LDAS	GT	1.7968	AG	1.8323	["INTRACHROMOSOMAL[chr5:31.87Mb]"]
RABEP1--CACNB3	1	0	NA	NA	INCL_NON_REF_SPLICE	RABEP1^ENSG00000029725.15	chr17:5385230:+	CACNB3^ENSG00000167535.6	chr12:48828498:+	A00275:415:HNLFCDMXX:2:1275:6189:33473	.	YES_LDAS	GT	1.9329	AG	1.9329	["INTERCHROMOSOMAL[chr17--chr12]"]
QKI--ZNF251	1	0	NA	NA	ONLY_REF_SPLICE	QKI^ENSG00000112531.15	chr6:163478896:+	ZNF251^ENSG00000198169.7	chr8:144723382:-	A00275:415:HNLFCDMXX:2:2448:29713:6386	.	NO_LDAS	GT	1.1589	AG	1.7819	["INTERCHROMOSOMAL[chr6--chr8]"]
PUM1--NEK5	1	0	NA	NA	ONLY_REF_SPLICE	PUM1^ENSG00000134644.14	chr1:31059299:-	NEK5^ENSG00000197168.10	chr13:52061953:-	A00275:415:HNLFCDMXX:2:2359:14950:10942	.	YES_LDAS	GT	1.9656	AG	1.9329	["INTERCHROMOSOMAL[chr1--chr13]"]
PTS--RP11-356J5.12	1	0	NA	NA	ONLY_REF_SPLICE	PTS^ENSG00000150787.6	chr11:112237506:+	RP11-356J5.12^ENSG00000250303.3	chr11:112360069:+	A00275:415:HNLFCDMXX:1:1406:31448:19539	.	YES_LDAS	GT	1.7819	AG	1.9086	["INTRACHROMOSOMAL[chr11:0.00Mb]","NEIGHBORS[794]"]
PTPRM--CDC16	1	0	NA	NA	INCL_NON_REF_SPLICE	PTPRM^ENSG00000173482.15	chr18:8370943:+	CDC16^ENSG00000130177.13	chr13:114272517:+	A00275:415:HNLFCDMXX:2:2112:23701:20243	.	YES_LDAS	GT	1.4716	AG	1.7819	["INTERCHROMOSOMAL[chr18--chr13]"]
PTPN14--SET	1	0	NA	NA	INCL_NON_REF_SPLICE	PTPN14^ENSG00000152104.10	chr1:214551191:-	SET^ENSG00000119335.15	chr9:128691170:+	A00275:415:HNLFCDMXX:1:2248:28176:16031	.	NO_LDAS	GT	1.7056	AG	1.2419	["INTERCHROMOSOMAL[chr1--chr9]"]
PTPN13--MAPK10	1	0	NA	NA	INCL_NON_REF_SPLICE	PTPN13^ENSG00000163629.11	chr4:86635371:+	MAPK10^ENSG00000109339.17	chr4:86067814:-	A00275:415:HNLFCDMXX:1:1104:11360:25175	.	YES_LDAS	GT	1.6402	AG	1.6895	["TumorFusionsNAR2018","INTRACHROMOSOMAL[chr4:0.00Mb]","LOCAL_INVERSION:+:-:[184]"]
PSMD6--AP3B1	1	0	NA	NA	ONLY_REF_SPLICE	PSMD6^ENSG00000163636.9	chr3:64022318:-	AP3B1^ENSG00000132842.12	chr5:78034445:-	A00275:415:HNLFCDMXX:1:1339:18837:33865	.	YES_LDAS	GT	1.8323	AG	1.9086	["INTERCHROMOSOMAL[chr3--chr5]"]
PRR16--CTD-2334D19.1	1	0	NA	NA	INCL_NON_REF_SPLICE	PRR16^ENSG00000184838.13	chr5:120686710:+	CTD-2334D19.1^ENSG00000248927.1	chr5:120789954:+	A00275:415:HNLFCDMXX:1:1369:22073:34741	.	YES_LDAS	GT	1.9899	AG	1.9329	["INTRACHROMOSOMAL[chr5:0.09Mb]","NEIGHBORS[93886]"]
PRR16--CTD-2334D19.1	1	0	NA	NA	ONLY_REF_SPLICE	PRR16^ENSG00000184838.13	chr5:120464645:+	CTD-2334D19.1^ENSG00000248927.1	chr5:120789954:+	A00275:415:HNLFCDMXX:1:1345:11885:5979	.	YES_LDAS	GT	1.6895	AG	1.9329	["INTRACHROMOSOMAL[chr5:0.09Mb]","NEIGHBORS[93886]"]
PROSC--TAX1BP1	1	0	NA	NA	ONLY_REF_SPLICE	PROSC^ENSG00000147471.10	chr8:37766355:+	TAX1BP1^ENSG00000106052.12	chr7:27832709:+	A00275:415:HNLFCDMXX:2:1160:10990:20525	.	YES_LDAS	GT	1.8892	AG	1.8323	["INTERCHROMOSOMAL[chr8--chr7]"]
PRDX3--ARID3B	1	0	NA	NA	ONLY_REF_SPLICE	PRDX3^ENSG00000165672.6	chr10:119173737:-	ARID3B^ENSG00000179361.16	chr15:74572862:+	A00275:415:HNLFCDMXX:1:1259:17264:2519	.	NO_LDAS	GT	1.5546	AG	1.8323	["INTERCHROMOSOMAL[chr10--chr15]"]
PPP4C--TANC2	1	0	NA	NA	INCL_NON_REF_SPLICE	PPP4C^ENSG00000149923.12	chr16:30083781:+	TANC2^ENSG00000170921.13	chr17:63421122:+	A00275:415:HNLFCDMXX:1:2268:24623:9972	.	NO_LDAS	GT	1.9329	AG	1.7819	["INTERCHROMOSOMAL[chr16--chr17]"]
POR--KIF5B	1	0	NA	NA	INCL_NON_REF_SPLICE	POR^ENSG00000127948.12	chr7:75980461:+	KIF5B^ENSG00000170759.10	chr10:32019915:-	A00275:415:HNLFCDMXX:1:1137:29297:28620	.	YES_LDAS	GT	1.8256	AG	1.7465	["INTERCHROMOSOMAL[chr7--chr10]"]
POMP--CDC37	1	0	NA	NA	ONLY_REF_SPLICE	POMP^ENSG00000132963.7	chr13:28672432:+	CDC37^ENSG00000105401.5	chr19:10395343:-	A00275:415:HNLFCDMXX:1:2458:17879:14512	.	YES_LDAS	GT	1.7819	AG	1.8062	["INTERCHROMOSOMAL[chr13--chr19]"]
POLG2--RAB10	1	0	NA	NA	ONLY_REF_SPLICE	POLG2^ENSG00000256525.5	chr17:64496407:-	RAB10^ENSG00000084733.9	chr2:26098662:+	A00275:415:HNLFCDMXX:2:1461:20980:33974	.	YES_LDAS	GT	1.9329	AG	1.8295	["INTERCHROMOSOMAL[chr17--chr2]"]
PNPLA6--SAP30L	1	0	NA	NA	ONLY_REF_SPLICE	PNPLA6^ENSG00000032444.14	chr19:7543084:+	SAP30L^ENSG00000164576.10	chr5:154453402:+	A00275:415:HNLFCDMXX:1:1419:25455:17237	.	YES_LDAS	GT	1.5656	AG	1.8892	["INTERCHROMOSOMAL[chr19--chr5]"]
PLXNA2--TNFSF10	1	0	NA	NA	ONLY_REF_SPLICE	PLXNA2^ENSG00000076356.6	chr1:208210280:-	TNFSF10^ENSG00000121858.9	chr3:172506919:-	A00275:415:HNLFCDMXX:2:1440:11388:19210	.	NO_LDAS	GT	1.6895	AG	1.7232	["INTERCHROMOSOMAL[chr1--chr3]"]
PLSCR1--PXYLP1	1	0	NA	NA	ONLY_REF_SPLICE	PLSCR1^ENSG00000188313.11	chr3:146544467:-	PXYLP1^ENSG00000155893.10	chr3:141278342:+	A00275:415:HNLFCDMXX:1:2246:30553:8688	.	YES_LDAS	GT	1.5656	AG	1.8295	["INTRACHROMOSOMAL[chr3:5.22Mb]"]
PLEKHM1P--HP1BP3	1	0	NA	NA	ONLY_REF_SPLICE	PLEKHM1P^ENSG00000214176.8	chr17:64821767:-	HP1BP3^ENSG00000127483.16	chr1:20773610:-	A00275:415:HNLFCDMXX:2:2433:15998:17331	.	YES_LDAS	GT	1.9656	AG	1.8892	["INTERCHROMOSOMAL[chr17--chr1]"]
PLD3--PDHA1	1	0	NA	NA	ONLY_REF_SPLICE	PLD3^ENSG00000105223.17	chr19:40371873:+	PDHA1^ENSG00000131828.12	chrX:19354491:+	A00275:415:HNLFCDMXX:2:2432:19958:3865	.	YES_LDAS	GT	1.7819	AG	1.5219	["INTERCHROMOSOMAL[chr19--chrX]"]
PITPNA--PSD4	1	0	NA	NA	ONLY_REF_SPLICE	PITPNA^ENSG00000174238.13	chr17:1534099:-	PSD4^ENSG00000125637.14	chr2:113192380:+	A00275:415:HNLFCDMXX:2:1182:22507:27007	.	YES_LDAS	GT	1.8323	AG	1.9086	["INTERCHROMOSOMAL[chr17--chr2]"]
PGM1--FMNL2	1	0	NA	NA	ONLY_REF_SPLICE	PGM1^ENSG00000079739.14	chr1:63593734:+	FMNL2^ENSG00000157827.18	chr2:152521943:+	A00275:415:HNLFCDMXX:1:2459:12210:5165	.	NO_LDAS	GT	1.7056	AG	1.8892	["INTERCHROMOSOMAL[chr1--chr2]"]
PDXK--GBA	1	0	NA	NA	INCL_NON_REF_SPLICE	PDXK^ENSG00000160209.17	chr21:43761764:+	GBA^ENSG00000177628.14	chr1:155234647:-	A00275:415:HNLFCDMXX:1:1216:26549:33661	.	NO_LDAS	GT	1.8323	AG	1.8323	["INTERCHROMOSOMAL[chr21--chr1]"]
PDE11A--ITSN1	1	0	NA	NA	ONLY_REF_SPLICE	PDE11A^ENSG00000128655.15	chr2:177840251:-	ITSN1^ENSG00000205726.12	chr21:33875354:+	A00275:415:HNLFCDMXX:2:1387:29080:14090	.	YES_LDAS	GT	1.9656	AG	1.8323	["INTERCHROMOSOMAL[chr2--chr21]"]
PDCD11--TCEA2	1	0	NA	NA	ONLY_REF_SPLICE	PDCD11^ENSG00000148843.12	chr10:103438808:+	TCEA2^ENSG00000171703.15	chr20:64066406:+	A00275:415:HNLFCDMXX:2:2460:9028:12336	.	YES_LDAS	GT	1.5058	AG	1.6895	["INTERCHROMOSOMAL[chr10--chr20]"]
PDCD10--GOLIM4	1	0	NA	NA	ONLY_REF_SPLICE	PDCD10^ENSG00000114209.13	chr3:167720062:-	GOLIM4^ENSG00000173905.7	chr3:168027837:-	A00275:415:HNLFCDMXX:1:2371:15546:33270	.	YES_LDAS	GT	1.8892	AG	1.8295	["INTRACHROMOSOMAL[chr3:0.27Mb]"]
PCCA--HM13	1	0	NA	NA	INCL_NON_REF_SPLICE	PCCA^ENSG00000175198.13	chr13:100262831:+	HM13^ENSG00000101294.15	chr20:31549259:+	A00275:415:HNLFCDMXX:1:1330:32678:27242	.	YES_LDAS	GT	1.8295	AG	1.8295	["INTERCHROMOSOMAL[chr13--chr20]"]
PAWR--RP1-78O14.1	1	0	NA	NA	ONLY_REF_SPLICE	PAWR^ENSG00000177425.9	chr12:79592611:-	RP1-78O14.1^ENSG00000257894.2	chr12:79393925:-	A00275:415:HNLFCDMXX:2:1374:32244:28056	.	YES_LDAS	GT	1.8892	AG	1.6402	["INTRACHROMOSOMAL[chr12:0.07Mb]","NEIGHBORS[71583]"]
PARD3--SGMS1	1	0	NA	NA	ONLY_REF_SPLICE	PARD3^ENSG00000148498.14	chr10:34696318:-	SGMS1^ENSG00000198964.12	chr10:50344345:-	A00275:415:HNLFCDMXX:2:2405:12057:19429	.	YES_LDAS	GT	1.6402	AG	1.8892	["INTRACHROMOSOMAL[chr10:15.49Mb]"]
PAPSS1--PPP3CA	1	0	NA	NA	INCL_NON_REF_SPLICE	PAPSS1^ENSG00000138801.7	chr4:107590329:-	PPP3CA^ENSG00000138814.15	chr4:101109078:-	A00275:415:HNLFCDMXX:2:1127:7979:10708	.	YES_LDAS	GT	1.7465	AG	1.8323	["INTRACHROMOSOMAL[chr4:6.24Mb]"]
PACS1--MADD	1	0	NA	NA	INCL_NON_REF_SPLICE	PACS1^ENSG00000175115.10	chr11:66234242:+	MADD^ENSG00000110514.17	chr11:47295549:+	A00275:415:HNLFCDMXX:1:1333:3097:14372	.	NO_LDAS	GT	1.9329	AG	1.9899	["INTRACHROMOSOMAL[chr11:18.74Mb]"]
OSBPL8--NAP1L1	1	0	NA	NA	ONLY_REF_SPLICE	OSBPL8^ENSG00000091039.15	chr12:76450851:-	NAP1L1^ENSG00000187109.12	chr12:76060279:-	A00275:415:HNLFCDMXX:1:2337:5656:31391	.	YES_LDAS	GT	1.9656	AG	1.9329	["CCLE_StarF2019","INTRACHROMOSOMAL[chr12:0.27Mb]"]
NUCB2--TRAPPC8	1	0	NA	NA	ONLY_REF_SPLICE	NUCB2^ENSG00000070081.14	chr11:17330297:+	TRAPPC8^ENSG00000153339.12	chr18:31867476:-	A00275:415:HNLFCDMXX:1:1201:4065:26162	.	YES_LDAS	GT	1.9656	AG	1.9656	["INTERCHROMOSOMAL[chr11--chr18]"]
NRXN1--FRZB	1	0	NA	NA	ONLY_REF_SPLICE	NRXN1^ENSG00000179915.19	chr2:50465442:-	FRZB^ENSG00000162998.4	chr2:182858833:-	A00275:415:HNLFCDMXX:2:1450:28185:31391	.	YES_LDAS	GT	1.8892	AG	1.7232	["INTRACHROMOSOMAL[chr2:131.80Mb]"]
NRIP1--AF127936.7	1	0	NA	NA	ONLY_REF_SPLICE	NRIP1^ENSG00000180530.8	chr21:15014344:-	AF127936.7^ENSG00000281903.1	chr21:14857708:-	A00275:415:HNLFCDMXX:2:1118:3992:7435	.	YES_LDAS	GT	1.8892	AG	1.5546	["INTRACHROMOSOMAL[chr21:0.04Mb]","NEIGHBORS[42683]"]
NRIP1--AF127936.7	1	0	NA	NA	ONLY_REF_SPLICE	NRIP1^ENSG00000180530.8	chr21:15043495:-	AF127936.7^ENSG00000281903.1	chr21:14857708:-	A00275:415:HNLFCDMXX:2:2422:27335:9251	.	YES_LDAS	GT	1.4566	AG	1.5546	["INTRACHROMOSOMAL[chr21:0.04Mb]","NEIGHBORS[42683]"]
NRIP1--AF127936.7	1	0	NA	NA	ONLY_REF_SPLICE	NRIP1^ENSG00000180530.8	chr21:15064745:-	AF127936.7^ENSG00000281903.1	chr21:14857708:-	A00275:415:HNLFCDMXX:1:1402:17173:9095	.	NO_LDAS	GT	1.2729	AG	1.5546	["INTRACHROMOSOMAL[chr21:0.04Mb]","NEIGHBORS[42683]"]
NR2F1--COL18A1	1	0	NA	NA	INCL_NON_REF_SPLICE	NR2F1^ENSG00000175745.10	chr5:93593749:+	COL18A1^ENSG00000182871.13	chr21:45493163:+	A00275:415:HNLFCDMXX:1:2112:6840:19914	.	YES_LDAS	GT	1.4566	AG	1.7819	["INTERCHROMOSOMAL[chr5--chr21]"]
NONO--DDX42	1	0	NA	NA	INCL_NON_REF_SPLICE	NONO^ENSG00000147140.14	chrX:71298508:+	DDX42^ENSG00000198231.11	chr17:63816923:+	A00275:415:HNLFCDMXX:2:2169:30264:20462	.	NO_LDAS	GT	1.7465	AG	1.8892	["INTERCHROMOSOMAL[chrX--chr17]"]
NOMO1--TMCC2	1	0	NA	NA	INCL_NON_REF_SPLICE	NOMO1^ENSG00000103512.13	chr16:14875254:+	TMCC2^ENSG00000133069.13	chr1:205228573:+	A00275:415:HNLFCDMXX:1:2262:6858:4288	.	NO_LDAS	GT	1.8256	AG	1.8892	["INTERCHROMOSOMAL[chr16--chr1]"]
NOL12--CHST12	1	0	NA	NA	INCL_NON_REF_SPLICE	NOL12^ENSG00000273899.3	chr22:37688015:+	CHST12^ENSG00000136213.9	chr7:2439009:+	A00275:415:HNLFCDMXX:2:2439:29821:32002	.	NO_LDAS	GT	1.7968	AG	1.7819	["INTERCHROMOSOMAL[chr22--chr7]"]
NOL11--SPRYD7	1	0	NA	NA	ONLY_REF_SPLICE	NOL11^ENSG00000130935.8	chr17:67726648:+	SPRYD7^ENSG00000123178.13	chr13:49915160:-	A00275:415:HNLFCDMXX:1:2155:4047:13698	.	YES_LDAS	GT	1.9899	AG	1.9329	["INTERCHROMOSOMAL[chr17--chr13]"]
NMRAL1--TATDN2	1	0	NA	NA	INCL_NON_REF_SPLICE	NMRAL1^ENSG00000153406.12	chr16:4474093:-	TATDN2^ENSG00000157014.9	chr3:10280356:+	A00275:415:HNLFCDMXX:1:2208:17571:35744	.	YES_LDAS	GT	1.9656	AG	1.7819	["INTERCHROMOSOMAL[chr16--chr3]"]
NLGN2--DUSP3	1	0	NA	NA	INCL_NON_REF_SPLICE	NLGN2^ENSG00000169992.8	chr17:7418979:+	DUSP3^ENSG00000108861.7	chr17:43768630:-	A00275:415:HNLFCDMXX:2:1248:30273:11083	.	YES_LDAS	GT	1.7968	AG	1.8323	["INTRACHROMOSOMAL[chr17:36.35Mb]"]
NID1--RP11-451G4.2	1	0	NA	NA	ONLY_REF_SPLICE	NID1^ENSG00000116962.13	chr1:236011921:-	RP11-451G4.2^ENSG00000240045.1	chr3:155291038:-	A00275:415:HNLFCDMXX:2:1207:7952:34522	.	YES_LDAS	GT	1.7465	AG	1.8892	["INTERCHROMOSOMAL[chr1--chr3]"]
NEU3--IFRD1	1	0	NA	NA	INCL_NON_REF_SPLICE	NEU3^ENSG00000162139.8	chr11:75009622:+	IFRD1^ENSG00000006652.12	chr7:112468080:+	A00275:415:HNLFCDMXX:1:1188:16649:32769	.	NO_LDAS	GC	1.8323	AG	1.9656	["INTERCHROMOSOMAL[chr11--chr7]"]
NELFCD--RABGAP1	1	0	NA	NA	ONLY_REF_SPLICE	NELFCD^ENSG00000101158.11	chr20:58994191:+	RABGAP1^ENSG00000011454.15	chr9:123073552:+	A00275:415:HNLFCDMXX:2:2172:22299:7357	.	YES_LDAS	GT	1.9329	AG	1.8892	["INTERCHROMOSOMAL[chr20--chr9]"]
NDUFS5--MRPS31	1	0	NA	NA	INCL_NON_REF_SPLICE	NDUFS5^ENSG00000168653.9	chr1:39028788:+	MRPS31^ENSG00000102738.7	chr13:40758991:-	A00275:415:HNLFCDMXX:2:2375:24379:28087	.	NO_LDAS	GT	1.9656	AG	1.7056	["INTERCHROMOSOMAL[chr1--chr13]"]
NDUFA10--RBMS1	1	0	NA	NA	ONLY_REF_SPLICE	NDUFA10^ENSG00000130414.10	chr2:239990074:-	RBMS1^ENSG00000153250.16	chr2:160367391:-	A00275:415:HNLFCDMXX:1:2320:9643:13495	.	YES_LDAS	GT	1.9656	AG	1.8892	["INTRACHROMOSOMAL[chr2:79.40Mb]"]
NCOR1--LINC00882	1	0	NA	NA	ONLY_REF_SPLICE	NCOR1^ENSG00000141027.19	chr17:16215362:-	LINC00882^ENSG00000242759.5	chr3:107112146:-	A00275:415:HNLFCDMXX:1:1286:15944:23281	.	YES_LDAS	GT	1.8295	AG	1.7465	["INTERCHROMOSOMAL[chr17--chr3]"]
NCOA3--GLUD1	1	0	NA	NA	ONLY_REF_SPLICE	NCOA3^ENSG00000124151.17	chr20:47633636:+	GLUD1^ENSG00000148672.8	chr10:87057782:-	A00275:415:HNLFCDMXX:2:2211:31304:25081	.	NO_LDAS	GT	1.9219	AG	1.9329	["INTERCHROMOSOMAL[chr20--chr10]"]
NCAPD2--EZH1	1	0	NA	NA	ONLY_REF_SPLICE	NCAPD2^ENSG00000010292.11	chr12:6495225:+	EZH1^ENSG00000108799.11	chr17:42713389:-	A00275:415:HNLFCDMXX:2:2211:14281:31266	.	YES_LDAS	GT	1.9086	AG	1.2867	["INTERCHROMOSOMAL[chr12--chr17]"]
NBR2--LONP2	1	0	NA	NA	ONLY_REF_SPLICE	NBR2^ENSG00000198496.9	chr17:43125770:+	LONP2^ENSG00000102910.12	chr16:48347507:+	A00275:415:HNLFCDMXX:2:2410:6759:11287	.	YES_LDAS	GT	1.9329	AG	1.8892	["INTERCHROMOSOMAL[chr17--chr16]"]
NANS--FKBP3	1	0	NA	NA	ONLY_REF_SPLICE	NANS^ENSG00000095380.10	chr9:98060997:+	FKBP3^ENSG00000100442.9	chr14:45121620:-	A00275:415:HNLFCDMXX:2:2163:32081:2534	.	NO_LDAS	GT	1.8892	AG	1.8892	["INTERCHROMOSOMAL[chr9--chr14]"]
N6AMT1--AF131217.1	1	0	NA	NA	INCL_NON_REF_SPLICE	N6AMT1^ENSG00000156239.10	chr21:28821905:-	AF131217.1^ENSG00000232855.5	chr21:28577380:-	A00275:415:HNLFCDMXX:2:1160:10321:28510	.	YES_LDAS	GT	1.5546	AG	1.2867	["INTRACHROMOSOMAL[chr21:0.20Mb]"]
MYO1F--LGALS9	1	0	NA	NA	ONLY_REF_SPLICE	MYO1F^ENSG00000142347.15	chr19:8553139:-	LGALS9^ENSG00000168961.15	chr17:27645314:+	A00275:415:HNLFCDMXX:1:1332:2239:18239	.	YES_LDAS	GT	1.9086	AG	1.5219	["INTERCHROMOSOMAL[chr19--chr17]"]
MTMR3--MAATS1	1	0	NA	NA	ONLY_REF_SPLICE	MTMR3^ENSG00000100330.14	chr22:29979052:+	MAATS1^ENSG00000183833.15	chr3:119737366:+	A00275:415:HNLFCDMXX:1:1473:2239:17644	.	YES_LDAS	GT	1.8295	AG	1.9329	["INTERCHROMOSOMAL[chr22--chr3]"]
MTG1--RP11-872J21.3	1	0	NA	NA	INCL_NON_REF_SPLICE	MTG1^ENSG00000148824.17	chr10:133399226:+	RP11-872J21.3^ENSG00000260806.1	chr14:96502135:-	A00275:415:HNLFCDMXX:2:2119:9625:2942	.	NO_LDAS	GT	1.7465	AG	1.8256	["INTERCHROMOSOMAL[chr10--chr14]"]
MSRA--YWHAG	1	0	NA	NA	INCL_NON_REF_SPLICE	MSRA^ENSG00000175806.13	chr8:10428294:+	YWHAG^ENSG00000170027.6	chr7:76326926:-	A00275:415:HNLFCDMXX:2:1222:27118:24940	.	YES_LDAS	GT	1.7819	AG	1.6895	["INTERCHROMOSOMAL[chr8--chr7]"]
MORC3--OXCT1	1	0	NA	NA	INCL_NON_REF_SPLICE	MORC3^ENSG00000159256.11	chr21:36369076:+	OXCT1^ENSG00000083720.11	chr5:41730449:-	A00275:415:HNLFCDMXX:2:1262:7789:11224	.	YES_LDAS	GT	1.7056	AG	1.7819	["INTERCHROMOSOMAL[chr21--chr5]"]
MMS19--BAI2	1	0	NA	NA	INCL_NON_REF_SPLICE	MMS19^ENSG00000155229.19	chr10:97459223:-	BAI2^ENSG00000121753.11	chr1:31741668:-	A00275:415:HNLFCDMXX:2:2219:32434:15546	.	NO_LDAS	GT	1.6729	AG	1.9656	["INTERCHROMOSOMAL[chr10--chr1]"]
MKL1--PCP4	1	0	NA	NA	ONLY_REF_SPLICE	MKL1^ENSG00000196588.13	chr22:40594674:-	PCP4^ENSG00000183036.9	chr21:39898476:+	A00275:415:HNLFCDMXX:1:2358:12979:26475	.	YES_LDAS	GT	1.7819	AG	1.8295	["INTERCHROMOSOMAL[chr22--chr21]"]
MIR99AHG--MARCH1	1	0	NA	NA	ONLY_REF_SPLICE	MIR99AHG^ENSG00000215386.9	chr21:16194633:+	MARCH1^ENSG00000145416.12	chr4:163529046:-	A00275:415:HNLFCDMXX:1:2340:32443:22952	.	YES_LDAS	GT	1.5546	AG	1.9086	["INTERCHROMOSOMAL[chr21--chr4]"]
MIR6723--AC007969.5	1	0	NA	NA	INCL_NON_REF_SPLICE	MIR6723^ENSG00000278791.1	chr1:632203:-	AC007969.5^ENSG00000233762.3	chr2:171517706:-	A00275:415:HNLFCDMXX:1:2342:28465:8735	.	NO_LDAS	GT	1.7819	AG	1.5329	["INTERCHROMOSOMAL[chr1--chr2]"]
MILR1--RP11-12K11.1	1	0	NA	NA	INCL_NON_REF_SPLICE	MILR1^ENSG00000271605.4	chr17:64467645:+	RP11-12K11.1^ENSG00000239227.1	chr3:166861943:+	A00275:415:HNLFCDMXX:2:2246:11776:31657	.	NO_LDAS	GT	1.8892	AG	1.8892	["INTERCHROMOSOMAL[chr17--chr3]"]
MIF-AS1--MKL1	1	0	NA	NA	INCL_NON_REF_SPLICE	MIF-AS1^ENSG00000218537.1	chr22:23894817:-	MKL1^ENSG00000196588.13	chr22:40418766:-	A00275:415:HNLFCDMXX:1:1188:3287:28823	.	YES_LDAS	GC	1.7056	AG	1.5656	["INTRACHROMOSOMAL[chr22:16.51Mb]"]
MED4--STK3	1	0	NA	NA	ONLY_REF_SPLICE	MED4^ENSG00000136146.13	chr13:48077153:-	STK3^ENSG00000104375.14	chr8:98526917:-	A00275:415:HNLFCDMXX:1:2486:25473:31610	.	YES_LDAS	GT	1.9656	AG	1.8323	["INTERCHROMOSOMAL[chr13--chr8]"]
MCUR1--NDUFS8	1	0	NA	NA	INCL_NON_REF_SPLICE	MCUR1^ENSG00000050393.10	chr6:13802318:-	NDUFS8^ENSG00000110717.9	chr11:68036328:+	A00275:415:HNLFCDMXX:2:2405:32009:9612	.	YES_LDAS	GT	1.8295	AG	1.9329	["INTERCHROMOSOMAL[chr6--chr11]"]
MCL1--RHOU	1	0	NA	NA	INCL_NON_REF_SPLICE	MCL1^ENSG00000143384.11	chr1:150577368:-	RHOU^ENSG00000116574.5	chr1:228743285:+	A00275:415:HNLFCDMXX:1:1454:14217:29121	.	YES_LDAS	GT	1.9086	AG	1.8062	["INTRACHROMOSOMAL[chr1:78.16Mb]"]
MATR3--HSPA9	1	0	NA	NA	ONLY_REF_SPLICE	MATR3^ENSG00000015479.16	chr5:139317105:+	HSPA9^ENSG00000113013.11	chr5:138556114:-	A00275:415:HNLFCDMXX:2:2324:10366:18474	.	YES_LDAS	GT	1.7056	AG	1.9656	["INTRACHROMOSOMAL[chr5:0.72Mb]"]
MATR3--HSPA9	1	0	NA	NA	ONLY_REF_SPLICE	MATR3^ENSG00000280987.1	chr5:139317105:+	HSPA9^ENSG00000113013.11	chr5:138556114:-	A00275:415:HNLFCDMXX:2:2324:10366:18474	.	YES_LDAS	GT	1.7056	AG	1.9656	["INTRACHROMOSOMAL[chr5:0.72Mb]"]
MAPK1--SLC25A27	1	0	NA	NA	INCL_NON_REF_SPLICE	MAPK1^ENSG00000100030.13	chr22:21762914:-	SLC25A27^ENSG00000153291.14	chr6:46658772:+	A00275:415:HNLFCDMXX:1:1456:9796:9345	.	YES_LDAS	GT	1.7819	AG	1.8892	["INTERCHROMOSOMAL[chr22--chr6]"]
MAP4K3--YLPM1	1	0	NA	NA	ONLY_REF_SPLICE	MAP4K3^ENSG00000011566.13	chr2:39436892:-	YLPM1^ENSG00000119596.16	chr14:74824256:+	A00275:415:HNLFCDMXX:2:2417:23222:1689	.	NO_LDAS	GT	1.9329	AG	1.9656	["INTERCHROMOSOMAL[chr2--chr14]"]
MAP2K4--CORIN	1	0	NA	NA	ONLY_REF_SPLICE	MAP2K4^ENSG00000065559.13	chr17:12021001:+	CORIN^ENSG00000145244.10	chr4:47807047:-	A00275:415:HNLFCDMXX:2:1205:4191:16235	.	YES_LDAS	GT	1.9329	AG	1.9086	["INTERCHROMOSOMAL[chr17--chr4]"]
MAN2B1--FANCE	1	0	NA	NA	ONLY_REF_SPLICE	MAN2B1^ENSG00000104774.11	chr19:12661260:-	FANCE^ENSG00000112039.3	chr6:35455747:+	A00275:415:HNLFCDMXX:2:1109:31837:32080	.	YES_LDAS	GT	1.9656	AG	1.9899	["INTERCHROMOSOMAL[chr19--chr6]"]
MAGED4--ZNF24	1	0	NA	NA	INCL_NON_REF_SPLICE	MAGED4^ENSG00000154545.15	chrX:52186830:+	ZNF24^ENSG00000172466.14	chr18:35334330:-	A00275:415:HNLFCDMXX:1:1285:8793:9486	.	YES_LDAS	GT	1.7056	AG	1.4716	["INTERCHROMOSOMAL[chrX--chr18]"]
MACROD2--RP11-166D19.1	1	0	NA	NA	ONLY_REF_SPLICE	MACROD2^ENSG00000172264.15	chr20:15499847:+	RP11-166D19.1^ENSG00000255248.5	chr11:122091740:-	A00275:415:HNLFCDMXX:2:2216:13042:12430	.	YES_LDAS	GT	1.8295	AG	1.6402	["INTERCHROMOSOMAL[chr20--chr11]"]
LYPLA1--EIF3H	1	0	NA	NA	ONLY_REF_SPLICE	LYPLA1^ENSG00000120992.16	chr8:54100908:-	EIF3H^ENSG00000147677.9	chr8:116658980:-	A00275:415:HNLFCDMXX:1:2148:31882:7607	.	YES_LDAS	GT	1.8062	AG	1.9656	["INTRACHROMOSOMAL[chr8:62.54Mb]"]
LRRFIP1--SYT17	1	0	NA	NA	INCL_NON_REF_SPLICE	LRRFIP1^ENSG00000124831.17	chr2:237760205:+	SYT17^ENSG00000103528.15	chr16:19194783:+	A00275:415:HNLFCDMXX:1:2309:23710:28745	.	NO_LDAS	GT	1.8295	AG	1.9086	["INTERCHROMOSOMAL[chr2--chr16]"]
LLNLR-284B4.1--PEX19	1	0	NA	NA	INCL_NON_REF_SPLICE	LLNLR-284B4.1^ENSG00000274177.1	chr19:1010268:+	PEX19^ENSG00000162735.17	chr1:160283010:-	A00275:415:HNLFCDMXX:2:1328:10908:12994	.	YES_LDAS	GT	1.7819	AG	1.7819	["INTERCHROMOSOMAL[chr19--chr1]"]
LLGL1--TXLNA	1	0	NA	NA	INCL_NON_REF_SPLICE	LLGL1^ENSG00000131899.9	chr17:18234175:+	TXLNA^ENSG00000084652.14	chr1:32188077:+	A00275:415:HNLFCDMXX:1:2358:29695:8735	.	NO_LDAS	GT	1.9656	AG	1.9899	["INTERCHROMOSOMAL[chr17--chr1]"]
LINC00578--SAMD8	1	0	NA	NA	ONLY_REF_SPLICE	LINC00578^ENSG00000228221.4	chr3:177629555:+	SAMD8^ENSG00000156671.11	chr10:75150514:+	A00275:415:HNLFCDMXX:1:2205:26603:32659	.	YES_LDAS	GT	1.8323	AG	1.3996	["INTERCHROMOSOMAL[chr3--chr10]"]
LINC00472--RP11-154D6.1	1	0	NA	NA	ONLY_REF_SPLICE	LINC00472^ENSG00000233237.5	chr6:71416410:-	RP11-154D6.1^ENSG00000232295.6	chr6:71310642:-	A00275:415:HNLFCDMXX:2:2211:27633:12962	.	NO_LDAS	GT	1.8892	AG	1.7465	["INTRACHROMOSOMAL[chr6:0.02Mb]","NEIGHBORS[16116]"]
LINC-PINT--GGA2	1	0	NA	NA	ONLY_REF_SPLICE	LINC-PINT^ENSG00000231721.5	chr7:130945720:-	GGA2^ENSG00000103365.14	chr16:23466778:-	A00275:415:HNLFCDMXX:1:2185:16360:17769	.	NO_LDAS	GT	1.9656	AG	1.9219	["INTERCHROMOSOMAL[chr7--chr16]"]
LGMN--CHGB	1	0	NA	NA	INCL_NON_REF_SPLICE	LGMN^ENSG00000100600.13	chr14:92716136:-	CHGB^ENSG00000089199.8	chr20:5922785:+	A00275:415:HNLFCDMXX:1:2168:18539:31751	.	NO_LDAS	GT	1.8892	AG	1.9086	["INTERCHROMOSOMAL[chr14--chr20]"]
LETM1--NCAM1	1	0	NA	NA	INCL_NON_REF_SPLICE	LETM1^ENSG00000168924.13	chr4:1811491:-	NCAM1^ENSG00000149294.15	chr11:113277840:+	A00275:415:HNLFCDMXX:1:2120:16803:35884	.	YES_LDAS	GT	1.4566	AG	1.3996	["INTERCHROMOSOMAL[chr4--chr11]"]
LCN6--RP1-261G23.7	1	0	NA	NA	INCL_NON_REF_SPLICE	LCN6^ENSG00000267206.4	chr9:136745490:-	RP1-261G23.7^ENSG00000272114.1	chr6:43770706:-	A00275:415:HNLFCDMXX:2:1323:16541:16955	.	NO_LDAS	GT	1.7819	AG	1.9086	["INTERCHROMOSOMAL[chr9--chr6]"]
LAP3--CHST14	1	0	NA	NA	INCL_NON_REF_SPLICE	LAP3^ENSG00000002549.11	chr4:17588916:+	CHST14^ENSG00000169105.7	chr15:40471808:+	A00275:415:HNLFCDMXX:2:1454:6542:7122	.	YES_LDAS	GC	1.6729	AG	1.8892	["INTERCHROMOSOMAL[chr4--chr15]"]
L2HGDH--VPRBP	1	0	NA	NA	ONLY_REF_SPLICE	L2HGDH^ENSG00000087299.10	chr14:50247041:-	VPRBP^ENSG00000145041.14	chr3:51443903:-	A00275:415:HNLFCDMXX:1:1335:2220:30984	.	NO_LDAS	GT	1.6895	AG	1.7465	["INTERCHROMOSOMAL[chr14--chr3]"]
KLRC4-KLRK1--TMEM50A	1	0	NA	NA	ONLY_REF_SPLICE	KLRC4-KLRK1^ENSG00000255819.5	chr12:10407636:-	TMEM50A^ENSG00000183726.9	chr1:25340474:+	A00275:415:HNLFCDMXX:1:2240:3568:36166	.	YES_LDAS	GT	1.3996	AG	1.7232	["INTERCHROMOSOMAL[chr12--chr1]"]
KLRC4--TMEM50A	1	0	NA	NA	INCL_NON_REF_SPLICE	KLRC4^ENSG00000183542.5	chr12:10407636:-	TMEM50A^ENSG00000183726.9	chr1:25340474:+	A00275:415:HNLFCDMXX:1:2240:3568:36166	.	YES_LDAS	GT	1.3996	AG	1.7232	["INTERCHROMOSOMAL[chr12--chr1]"]
KLHL7-AS1--FAM126A	1	0	NA	NA	INCL_NON_REF_SPLICE	KLHL7-AS1^ENSG00000230658.1	chr7:23099157:-	FAM126A^ENSG00000122591.10	chr7:22991139:-	A00275:415:HNLFCDMXX:1:1103:24957:2722	.	YES_LDAS	GT	1.8256	AG	1.5850	["INTRACHROMOSOMAL[chr7:0.09Mb]","NEIGHBORS[87098]"]
KLF3-AS1--ZSWIM8	1	0	NA	NA	ONLY_REF_SPLICE	KLF3-AS1^ENSG00000231160.8	chr4:38664794:-	ZSWIM8^ENSG00000214655.9	chr10:73793588:+	A00275:415:HNLFCDMXX:2:1115:8024:4523	.	YES_LDAS	GT	1.5656	AG	1.7465	["INTERCHROMOSOMAL[chr4--chr10]"]
KLF3--TADA2B	1	0	NA	NA	ONLY_REF_SPLICE	KLF3^ENSG00000109787.11	chr4:38664461:+	TADA2B^ENSG00000173011.11	chr4:7054062:+	A00275:415:HNLFCDMXX:1:1467:28574:29684	.	NO_LDAS	GT	1.7465	AG	1.9656	["INTRACHROMOSOMAL[chr4:31.61Mb]"]
KIF5B--IPO9	1	0	NA	NA	INCL_NON_REF_SPLICE	KIF5B^ENSG00000170759.10	chr10:32015565:-	IPO9^ENSG00000198700.8	chr1:201876622:+	A00275:415:HNLFCDMXX:2:2183:21197:16814	.	YES_LDAS	GT	1.5219	AG	1.9329	["INTERCHROMOSOMAL[chr10--chr1]"]
KIF3A--RPS6KC1	1	0	NA	NA	ONLY_REF_SPLICE	KIF3A^ENSG00000131437.14	chr5:132699171:-	RPS6KC1^ENSG00000136643.10	chr1:213242569:+	A00275:415:HNLFCDMXX:1:2337:3323:8093	.	YES_LDAS	GT	1.2729	AG	1.8892	["INTERCHROMOSOMAL[chr5--chr1]"]
KEAP1--GFPT1	1	0	NA	NA	ONLY_REF_SPLICE	KEAP1^ENSG00000079999.12	chr19:10499395:-	GFPT1^ENSG00000198380.11	chr2:69374113:-	A00275:415:HNLFCDMXX:1:2318:27850:9204	.	YES_LDAS	GT	1.7819	AG	1.7232	["INTERCHROMOSOMAL[chr19--chr2]"]
KDM2A--FAM21A	1	0	NA	NA	INCL_NON_REF_SPLICE	KDM2A^ENSG00000173120.13	chr11:67245336:+	FAM21A^ENSG00000099290.14	chr10:50113911:+	A00275:415:HNLFCDMXX:2:2285:19596:12508	.	NO_LDAS	GT	1.7968	AG	1.9656	["INTERCHROMOSOMAL[chr11--chr10]"]
KCNJ8--DDB2	1	0	NA	NA	INCL_NON_REF_SPLICE	KCNJ8^ENSG00000121361.3	chr12:21766502:-	DDB2^ENSG00000134574.10	chr11:47235323:+	A00275:415:HNLFCDMXX:2:2332:21784:18646	.	YES_LDAS	GT	1.9329	AG	1.8892	["INTERCHROMOSOMAL[chr12--chr11]"]
KCMF1--CYTH1	1	0	NA	NA	ONLY_REF_SPLICE	KCMF1^ENSG00000176407.16	chr2:84971467:+	CYTH1^ENSG00000108669.15	chr17:78709732:-	A00275:415:HNLFCDMXX:2:2481:23439:15937	.	NO_LDAS	GT	1.9899	AG	1.9656	["INTERCHROMOSOMAL[chr2--chr17]"]
JRK--DOCK1	1	0	NA	NA	ONLY_REF_SPLICE	JRK^ENSG00000234616.7	chr8:142664478:-	DOCK1^ENSG00000150760.11	chr10:127106231:+	A00275:415:HNLFCDMXX:2:2276:29116:13369	.	YES_LDAS	GT	1.5656	AG	1.7819	["INTERCHROMOSOMAL[chr8--chr10]"]
ITGA9--PRKCD	1	0	NA	NA	INCL_NON_REF_SPLICE	ITGA9^ENSG00000144668.10	chr3:37854838:+	PRKCD^ENSG00000163932.12	chr3:53192290:+	A00275:415:HNLFCDMXX:2:2412:32895:36824	.	NO_LDAS	GT	1.9899	AG	1.2366	["INTRACHROMOSOMAL[chr3:15.33Mb]"]
ITGA5--KIAA0195	1	0	NA	NA	INCL_NON_REF_SPLICE	ITGA5^ENSG00000161638.9	chr12:54402001:-	KIAA0195^ENSG00000177728.13	chr17:75495572:+	A00275:415:HNLFCDMXX:2:1325:1561:33473	.	YES_LDAS	GT	1.7819	AG	1.6402	["INTERCHROMOSOMAL[chr12--chr17]"]
ISM1--CTAGE5	1	0	NA	NA	ONLY_REF_SPLICE	ISM1^ENSG00000101230.5	chr20:13221914:+	CTAGE5^ENSG00000150527.15	chr14:39345904:+	A00275:415:HNLFCDMXX:1:1172:3821:19914	.	YES_LDAS	GT	1.8062	AG	1.9329	["INTERCHROMOSOMAL[chr20--chr14]"]
INPP5K--CYB5R1	1	0	NA	NA	ONLY_REF_SPLICE	INPP5K^ENSG00000132376.18	chr17:1508115:-	CYB5R1^ENSG00000159348.11	chr1:202963727:-	A00275:415:HNLFCDMXX:2:1402:13485:13354	.	YES_LDAS	GT	1.6895	AG	1.8323	["INTERCHROMOSOMAL[chr17--chr1]"]
IL9R--ABC7-42391500H16.2	1	0	NA	NA	INCL_NON_REF_SPLICE	IL9R^ENSG00000124334.15	chrX:156005479:+	ABC7-42391500H16.2^ENSG00000261914.2	chr4:190195723:+	A00275:415:HNLFCDMXX:1:2324:8612:19789	.	YES_LDAS	GT	1.7819	AG	1.5850	["INTERCHROMOSOMAL[chrX--chr4]"]
IL9R--ABC7-42391500H16.2	1	0	NA	NA	INCL_NON_REF_SPLICE	IL9R^ENSGR0000124334.15	chrY:57191999:+	ABC7-42391500H16.2^ENSG00000261914.2	chr4:190195723:+	A00275:415:HNLFCDMXX:1:2324:8612:19789	.	YES_LDAS	GT	1.7819	AG	1.5850	["INTERCHROMOSOMAL[chrX--chr4]"]
IL17RD--ARHGEF3	1	0	NA	NA	ONLY_REF_SPLICE	IL17RD^ENSG00000144730.15	chr3:57097596:-	ARHGEF3^ENSG00000163947.10	chr3:56958889:-	A00275:415:HNLFCDMXX:2:1253:1551:25347	.	YES_LDAS	GT	1.8062	AG	1.8256	["ChimerSeq","TCGA_StarF2019","INTRACHROMOSOMAL[chr3:0.01Mb]","NEIGHBORS[10653]"]
IGSF9--BANP	1	0	NA	NA	INCL_NON_REF_SPLICE	IGSF9^ENSG00000085552.15	chr1:159929638:-	BANP^ENSG00000172530.18	chr16:88033210:+	A00275:415:HNLFCDMXX:1:2245:4896:18270	.	NO_LDAS	GT	1.7465	AG	1.9086	["INTERCHROMOSOMAL[chr1--chr16]"]
IGFLR1--VPS28	1	0	NA	NA	INCL_NON_REF_SPLICE	IGFLR1^ENSG00000126246.8	chr19:35741024:-	VPS28^ENSG00000160948.12	chr8:144425040:-	A00275:415:HNLFCDMXX:1:2155:3911:33035	.	YES_LDAS	GT	1.1589	AG	1.3710	["INTERCHROMOSOMAL[chr19--chr8]"]
IFT27--HDAC1	1	0	NA	NA	INCL_NON_REF_SPLICE	IFT27^ENSG00000100360.13	chr22:36763792:-	HDAC1^ENSG00000116478.10	chr1:32332149:+	A00275:415:HNLFCDMXX:2:2419:21404:13103	.	NO_LDAS	GT	1.9656	AG	1.2419	["INTERCHROMOSOMAL[chr22--chr1]"]
IER2--SKI	1	0	NA	NA	ONLY_REF_SPLICE	IER2^ENSG00000160888.6	chr19:13150552:+	SKI^ENSG00000157933.9	chr1:2302978:+	A00275:415:HNLFCDMXX:1:2156:9399:9032	.	YES_LDAS	GT	1.8256	AG	1.7819	["INTERCHROMOSOMAL[chr19--chr1]"]
ICE1--EIF3D	1	0	NA	NA	INCL_NON_REF_SPLICE	ICE1^ENSG00000164151.10	chr5:5461675:+	EIF3D^ENSG00000100353.16	chr22:36512556:-	A00275:415:HNLFCDMXX:1:2459:10447:17174	.	NO_LDAS	GT	1.9899	AG	1.9329	["INTERCHROMOSOMAL[chr5--chr22]"]
HSPD1--NSUN2	1	0	NA	NA	ONLY_REF_SPLICE	HSPD1^ENSG00000144381.15	chr2:197495294:-	NSUN2^ENSG00000037474.13	chr5:6607384:-	A00275:415:HNLFCDMXX:1:2475:31241:12633	.	YES_LDAS	GT	1.7968	AG	1.9656	["INTERCHROMOSOMAL[chr2--chr5]"]
HP1BP3--NAGK	1	0	NA	NA	INCL_NON_REF_SPLICE	HP1BP3^ENSG00000127483.16	chr1:20742828:-	NAGK^ENSG00000124357.11	chr2:71077617:+	A00275:415:HNLFCDMXX:1:1131:3730:22952	.	NO_LDAS	GC	1.8256	AG	1.9219	["INTERCHROMOSOMAL[chr1--chr2]"]
HMGN2--SEMA3F-AS1	1	0	NA	NA	INCL_NON_REF_SPLICE	HMGN2^ENSG00000198830.9	chr1:26472627:+	SEMA3F-AS1^ENSG00000235016.1	chr3:50155907:-	A00275:415:HNLFCDMXX:2:2440:29658:20384	.	NO_LDAS	GT	1.7465	AG	1.6402	["INTERCHROMOSOMAL[chr1--chr3]"]
HECTD2--PTEN	1	0	NA	NA	ONLY_REF_SPLICE	HECTD2^ENSG00000165338.15	chr10:91493508:+	PTEN^ENSG00000171862.8	chr10:87894025:+	A00275:415:HNLFCDMXX:1:1308:10673:34413	.	YES_LDAS	GT	1.7819	AG	1.5058	["INTRACHROMOSOMAL[chr10:3.44Mb]"]
GTF2IP1--TRIM73	1	0	NA	NA	INCL_NON_REF_SPLICE	GTF2IP1^ENSG00000277053.3	chr7:75237293:-	TRIM73^ENSG00000178809.10	chr7:75394973:+	A00275:415:HNLFCDMXX:2:2130:31955:6417	.	YES_LDAS	GT	1.8892	AG	1.8892	["INTRACHROMOSOMAL[chr7:0.16Mb]"]
GTF2IP1--STAG3L1	1	0	NA	NA	ONLY_REF_SPLICE	GTF2IP1^ENSG00000277053.3	chr7:75237293:-	STAG3L1^ENSG00000205583.12	chr7:75394973:+	A00275:415:HNLFCDMXX:2:2130:31955:6417	.	YES_LDAS	GT	1.8892	AG	1.8892	["INTRACHROMOSOMAL[chr7:0.12Mb]"]
GTF2H2--FAM114A1	1	0	NA	NA	ONLY_REF_SPLICE	GTF2H2^ENSG00000145736.13	chr5:71065125:-	FAM114A1^ENSG00000197712.10	chr4:38935718:+	A00275:415:HNLFCDMXX:2:1324:4345:17910	.	NO_LDAS	GT	1.9329	AG	1.7819	["INTERCHROMOSOMAL[chr5--chr4]"]
GTF2E2--RBPMS	1	0	NA	NA	INCL_NON_REF_SPLICE	GTF2E2^ENSG00000197265.7	chr8:30578366:-	RBPMS^ENSG00000157110.14	chr8:30474779:+	A00275:415:HNLFCDMXX:2:2154:25563:12947	.	NO_LDAS	GT	1.7819	AG	1.9086	["TumorFusionsNAR2018","TCGA_StarF2019","ChimerSeq","INTRACHROMOSOMAL[chr8:0.01Mb]","LOCAL_INVERSION:-:+:[6057]"]
GPR89A--ZMYND11	1	0	NA	NA	ONLY_REF_SPLICE	GPR89A^ENSG00000117262.17	chr1:145618423:+	ZMYND11^ENSG00000015171.17	chr10:240056:+	A00275:415:HNLFCDMXX:2:2324:20916:25097	.	YES_LDAS	GT	1.8062	AG	1.7819	["INTERCHROMOSOMAL[chr1--chr10]"]
GPC1--NCKAP5	1	0	NA	NA	ONLY_REF_SPLICE	GPC1^ENSG00000063660.7	chr2:240436084:+	NCKAP5^ENSG00000176771.14	chr2:133517587:-	A00275:415:HNLFCDMXX:2:2346:16957:14418	.	YES_LDAS	GT	1.8295	AG	1.9329	["INTRACHROMOSOMAL[chr2:106.87Mb]"]
GNPAT--PLXNA2	1	0	NA	NA	ONLY_REF_SPLICE	GNPAT^ENSG00000116906.10	chr1:231241456:+	PLXNA2^ENSG00000076356.6	chr1:208142463:-	A00275:415:HNLFCDMXX:1:1120:28628:36542	.	YES_LDAS	GT	1.7819	AG	1.8892	["INTRACHROMOSOMAL[chr1:23.00Mb]"]
GMDS-AS1--FAM162A	1	0	NA	NA	ONLY_REF_SPLICE	GMDS-AS1^ENSG00000250903.7	chr6:2263684:+	FAM162A^ENSG00000114023.14	chr3:122402760:+	A00275:415:HNLFCDMXX:1:2462:5376:34788	.	YES_LDAS	GT	1.9086	AG	1.7819	["INTERCHROMOSOMAL[chr6--chr3]"]
GLT8D2--NOP58	1	0	NA	NA	ONLY_REF_SPLICE	GLT8D2^ENSG00000120820.11	chr12:103999397:-	NOP58^ENSG00000055044.9	chr2:202297379:+	A00275:415:HNLFCDMXX:2:2227:32244:22952	.	YES_LDAS	GT	1.9656	AG	1.9219	["INTERCHROMOSOMAL[chr12--chr2]"]
GLT8D1--C21orf33	1	0	NA	NA	INCL_NON_REF_SPLICE	GLT8D1^ENSG00000016864.15	chr3:52695928:-	C21orf33^ENSG00000160221.15	chr21:44136969:+	A00275:415:HNLFCDMXX:1:1166:16495:17159	.	NO_LDAS	GT	1.5219	AG	1.8892	["INTERCHROMOSOMAL[chr3--chr21]"]
GFPT1--RERG	1	0	NA	NA	INCL_NON_REF_SPLICE	GFPT1^ENSG00000198380.11	chr2:69359159:-	RERG^ENSG00000134533.5	chr12:15221226:-	A00275:415:HNLFCDMXX:1:1142:29035:14105	.	NO_LDAS	AT	1.8892	AC	1.8062	["INTERCHROMOSOMAL[chr2--chr12]"]
GDAP2--CYTH3	1	0	NA	NA	INCL_NON_REF_SPLICE	GDAP2^ENSG00000196505.9	chr1:117869910:-	CYTH3^ENSG00000008256.14	chr7:6165616:-	A00275:415:HNLFCDMXX:1:2186:16043:7451	.	NO_LDAS	GT	1.9329	AG	1.7819	["INTERCHROMOSOMAL[chr1--chr7]"]
GBGT1--NPEPL1	1	0	NA	NA	ONLY_REF_SPLICE	GBGT1^ENSG00000148288.10	chr9:133163754:-	NPEPL1^ENSG00000215440.10	chr20:58693737:+	A00275:415:HNLFCDMXX:1:2441:2239:3427	.	YES_LDAS	GT	1.5301	AG	1.7819	["INTERCHROMOSOMAL[chr9--chr20]"]
GAS6--ADAMDEC1	1	0	NA	NA	INCL_NON_REF_SPLICE	GAS6^ENSG00000183087.13	chr13:113834551:-	ADAMDEC1^ENSG00000134028.13	chr8:24401939:+	A00275:415:HNLFCDMXX:2:1304:12048:12430	.	NO_LDAS	GT	1.9656	AG	1.9086	["INTERCHROMOSOMAL[chr13--chr8]"]
G2E3--STK39	1	0	NA	NA	ONLY_REF_SPLICE	G2E3^ENSG00000092140.13	chr14:30581116:+	STK39^ENSG00000198648.9	chr2:168017095:-	A00275:415:HNLFCDMXX:2:1204:3558:2237	.	YES_LDAS	GT	1.9086	AG	1.6729	["INTERCHROMOSOMAL[chr14--chr2]"]
FXR1--OPA1	1	0	NA	NA	ONLY_REF_SPLICE	FXR1^ENSG00000114416.16	chr3:180912736:+	OPA1^ENSG00000198836.7	chr3:193692063:+	A00275:415:HNLFCDMXX:1:2455:29143:36025	.	YES_LDAS	GT	1.9656	AG	1.3383	["INTRACHROMOSOMAL[chr3:12.61Mb]"]
FUK--PAICS	1	0	NA	NA	ONLY_REF_SPLICE	FUK^ENSG00000157353.15	chr16:70463774:+	PAICS^ENSG00000128050.7	chr4:56451872:+	A00275:415:HNLFCDMXX:1:1176:22471:30577	.	YES_LDAS	GT	1.9086	AG	1.7968	["INTERCHROMOSOMAL[chr16--chr4]"]
FOXP1--TESPA1	1	0	NA	NA	ONLY_REF_SPLICE	FOXP1^ENSG00000114861.17	chr3:71299820:-	TESPA1^ENSG00000135426.13	chr12:54966424:-	A00275:415:HNLFCDMXX:2:2151:5068:35853	.	YES_LDAS	GT	1.3710	AG	1.8295	["INTERCHROMOSOMAL[chr3--chr12]"]
FMR1--ENY2	1	0	NA	NA	ONLY_REF_SPLICE	FMR1^ENSG00000102081.12	chrX:147945616:+	ENY2^ENSG00000120533.11	chr8:109343405:+	A00275:415:HNLFCDMXX:1:1239:19551:25645	.	YES_LDAS	GT	1.9899	AG	1.9219	["INTERCHROMOSOMAL[chrX--chr8]"]
FLG--SPRR2E	1	0	NA	NA	INCL_NON_REF_SPLICE	FLG^ENSG00000143631.10	chr1:152303856:-	SPRR2E^ENSG00000203785.7	chr1:153093377:-	A00275:415:HNLFCDMXX:2:1417:2600:14512	.	NO_LDAS	GT	1.6895	AG	1.8892	["INTRACHROMOSOMAL[chr1:0.77Mb]"]
FLG--SPRR2E	1	0	NA	NA	INCL_NON_REF_SPLICE	FLG^ENSG00000143631.10	chr1:152305800:-	SPRR2E^ENSG00000203785.7	chr1:153093377:-	A00275:415:HNLFCDMXX:2:1417:2600:14512	.	NO_LDAS	GT	1.6895	AG	1.8892	["INTRACHROMOSOMAL[chr1:0.77Mb]"]
FLG--SPRR2E	1	0	NA	NA	INCL_NON_REF_SPLICE	FLG^ENSG00000143631.10	chr1:152306772:-	SPRR2E^ENSG00000203785.7	chr1:153093377:-	A00275:415:HNLFCDMXX:2:1417:2600:14512	.	NO_LDAS	GT	1.6895	AG	1.8892	["INTRACHROMOSOMAL[chr1:0.77Mb]"]
FLG--SPRR2E	1	0	NA	NA	INCL_NON_REF_SPLICE	FLG^ENSG00000143631.10	chr1:152307744:-	SPRR2E^ENSG00000203785.7	chr1:153093377:-	A00275:415:HNLFCDMXX:2:1417:2600:14512	.	NO_LDAS	GT	1.6895	AG	1.8892	["INTRACHROMOSOMAL[chr1:0.77Mb]"]
FLG--SPRR2E	1	0	NA	NA	INCL_NON_REF_SPLICE	FLG^ENSG00000143631.10	chr1:152308716:-	SPRR2E^ENSG00000203785.7	chr1:153093377:-	A00275:415:HNLFCDMXX:2:1417:2600:14512	.	NO_LDAS	GT	1.6895	AG	1.8892	["INTRACHROMOSOMAL[chr1:0.77Mb]"]
FBLN1--ZBTB8OS	1	0	NA	NA	ONLY_REF_SPLICE	FBLN1^ENSG00000077942.16	chr22:45550615:+	ZBTB8OS^ENSG00000176261.14	chr1:32621948:-	A00275:415:HNLFCDMXX:2:1201:16731:33724	.	YES_LDAS	GT	1.5546	AG	1.6402	["INTERCHROMOSOMAL[chr22--chr1]"]
FAM86C2P--HEBP2	1	0	NA	NA	ONLY_REF_SPLICE	FAM86C2P^ENSG00000160172.9	chr11:67803002:-	HEBP2^ENSG00000051620.9	chr6:138412880:+	A00275:415:HNLFCDMXX:2:2404:27606:28385	.	YES_LDAS	GT	1.8256	AG	1.7968	["INTERCHROMOSOMAL[chr11--chr6]"]
FAM182B--CTD-2514C3.1	1	0	NA	NA	INCL_NON_REF_SPLICE	FAM182B^ENSG00000175170.13	chr20:25836996:-	CTD-2514C3.1^ENSG00000204556.4	chr20:26019076:+	A00275:415:HNLFCDMXX:2:2409:27028:23124	.	NO_LDAS	GT	1.8892	AG	1.6895	["INTRACHROMOSOMAL[chr20:0.15Mb]"]
FAM182B--CTD-2514C3.1	1	0	NA	NA	INCL_NON_REF_SPLICE	FAM182B^ENSG00000175170.13	chr20:25837034:-	CTD-2514C3.1^ENSG00000204556.4	chr20:26018875:+	A00275:415:HNLFCDMXX:2:2409:27028:23124	.	YES_LDAS	GT	1.9086	AG	1.9899	["INTRACHROMOSOMAL[chr20:0.15Mb]"]
FAM153A--ACTN4P1	1	0	NA	NA	INCL_NON_REF_SPLICE	FAM153A^ENSG00000170074.18	chr5:177737042:-	ACTN4P1^ENSG00000213493.3	chr4:116598890:+	A00275:415:HNLFCDMXX:1:1410:5231:26240	.	NO_LDAS	GT	1.8892	AG	1.6402	["INTERCHROMOSOMAL[chr5--chr4]"]
ESR1--SERAC1	1	0	NA	NA	ONLY_REF_SPLICE	ESR1^ENSG00000091831.20	chr6:151702005:+	SERAC1^ENSG00000122335.12	chr6:158120575:-	A00275:415:HNLFCDMXX:1:1477:31855:17581	.	YES_LDAS	GT	1.9656	AG	1.9329	["INTRACHROMOSOMAL[chr6:5.98Mb]"]
ERP44--AAK1	1	0	NA	NA	ONLY_REF_SPLICE	ERP44^ENSG00000023318.7	chr9:100052417:-	AAK1^ENSG00000115977.17	chr2:69466551:-	A00275:415:HNLFCDMXX:2:2212:23285:18991	.	YES_LDAS	GT	1.9656	AG	1.9656	["INTERCHROMOSOMAL[chr9--chr2]"]
EPCAM--PSME4	1	0	NA	NA	ONLY_REF_SPLICE	EPCAM^ENSG00000119888.9	chr2:47379969:+	PSME4^ENSG00000068878.13	chr2:53932760:-	A00275:415:HNLFCDMXX:1:2341:26784:22482	.	NO_LDAS	GT	1.7056	AG	1.8323	["INTRACHROMOSOMAL[chr2:6.48Mb]"]
EPB41L2--EPB41L3	1	0	NA	NA	ONLY_REF_SPLICE	EPB41L2^ENSG00000079819.15	chr6:130904465:-	EPB41L3^ENSG00000082397.14	chr18:5434121:-	A00275:415:HNLFCDMXX:1:1420:2835:29763	.	NO_LDAS	GT	1.9219	AG	1.8323	["INTERCHROMOSOMAL[chr6--chr18]"]
EP300--MGST1	1	0	NA	NA	ONLY_REF_SPLICE	EP300^ENSG00000100393.9	chr22:41173784:+	MGST1^ENSG00000008394.11	chr12:16357605:+	A00275:415:HNLFCDMXX:1:1469:1389:10786	.	YES_LDAS	GT	1.5329	AG	1.8892	["INTERCHROMOSOMAL[chr22--chr12]"]
ENTPD5--PLA2G12A	1	0	NA	NA	INCL_NON_REF_SPLICE	ENTPD5^ENSG00000187097.11	chr14:73965636:-	PLA2G12A^ENSG00000123739.9	chr4:109713145:-	A00275:415:HNLFCDMXX:2:1335:25798:3020	.	YES_LDAS	AT	1.8892	AC	1.9656	["INTERCHROMOSOMAL[chr14--chr4]"]
ENTPD4--ADAM32	1	0	NA	NA	ONLY_REF_SPLICE	ENTPD4^ENSG00000197217.11	chr8:23457557:-	ADAM32^ENSG00000197140.13	chr8:39270876:+	A00275:415:HNLFCDMXX:2:2423:2817:1767	.	NO_LDAS	GT	1.5219	AG	1.8892	["INTRACHROMOSOMAL[chr8:15.65Mb]"]
ENGASE--KANK1	1	0	NA	NA	INCL_NON_REF_SPLICE	ENGASE^ENSG00000167280.15	chr17:79087992:+	KANK1^ENSG00000107104.17	chr9:745498:+	A00275:415:HNLFCDMXX:1:2485:28800:1485	.	YES_LDAS	GT	1.7819	AG	1.9899	["INTERCHROMOSOMAL[chr17--chr9]"]
EIF4G3--ECE1	1	0	NA	NA	ONLY_REF_SPLICE	EIF4G3^ENSG00000075151.18	chr1:20950003:-	ECE1^ENSG00000117298.13	chr1:21228041:-	A00275:415:HNLFCDMXX:1:1440:15718:20603	.	NO_LDAS	GT	1.5656	AG	1.9086	["CCLE_StarF2019","ChimerSeq","YOSHIHARA_TCGA","TCGA_StarF2019","TumorFusionsNAR2018","INTRACHROMOSOMAL[chr1:0.04Mb]","LOCAL_REARRANGEMENT:-:[40359]"]
DMTF1--INPP5B	1	0	NA	NA	ONLY_REF_SPLICE	DMTF1^ENSG00000135164.17	chr7:87185980:+	INPP5B^ENSG00000204084.11	chr1:37868614:-	A00275:415:HNLFCDMXX:1:1418:18078:22373	.	YES_LDAS	GT	1.7465	AG	1.9899	["INTERCHROMOSOMAL[chr7--chr1]"]
DIXDC1--ARHGEF12	1	0	NA	NA	ONLY_REF_SPLICE	DIXDC1^ENSG00000150764.12	chr11:111996146:+	ARHGEF12^ENSG00000196914.7	chr11:120451512:+	A00275:415:HNLFCDMXX:1:1302:4589:7435	.	YES_LDAS	GT	1.7968	AG	1.9219	["INTRACHROMOSOMAL[chr11:8.31Mb]"]
DECR1--NECAB1	1	0	NA	NA	ONLY_REF_SPLICE	DECR1^ENSG00000104325.5	chr8:90051739:+	NECAB1^ENSG00000123119.10	chr8:90872128:+	A00275:415:HNLFCDMXX:1:2383:7853:21010	.	NO_LDAS	GT	1.7465	AG	1.8892	["INTRACHROMOSOMAL[chr8:0.74Mb]"]
DEAF1--ZNF587	1	0	NA	NA	INCL_NON_REF_SPLICE	DEAF1^ENSG00000177030.15	chr11:706572:-	ZNF587^ENSG00000198466.11	chr19:57861376:+	A00275:415:HNLFCDMXX:2:2452:29098:32409	.	YES_LDAS	GT	1.3710	AG	1.9219	["INTERCHROMOSOMAL[chr11--chr19]"]
DCUN1D2--PDIA3P1	1	0	NA	NA	INCL_NON_REF_SPLICE	DCUN1D2^ENSG00000150401.13	chr13:113456003:-	PDIA3P1^ENSG00000180867.10	chr1:147178473:+	A00275:415:HNLFCDMXX:2:1215:18810:19601	.	NO_LDAS	AT	1.8062	AC	1.7819	["INTERCHROMOSOMAL[chr13--chr1]"]
CYP46A1--SAMD14	1	0	NA	NA	INCL_NON_REF_SPLICE	CYP46A1^ENSG00000036530.7	chr14:99727156:+	SAMD14^ENSG00000167100.13	chr17:50114292:-	A00275:415:HNLFCDMXX:2:2210:30861:20337	.	YES_LDAS	GT	1.9329	AG	1.9219	["INTERCHROMOSOMAL[chr14--chr17]"]
CYB5R1--SIRPA	1	0	NA	NA	ONLY_REF_SPLICE	CYB5R1^ENSG00000159348.11	chr1:202963066:-	SIRPA^ENSG00000198053.10	chr20:1915099:+	A00275:415:HNLFCDMXX:2:2242:31476:23312	.	YES_LDAS	GT	1.7056	AG	1.4256	["INTERCHROMOSOMAL[chr1--chr20]"]
CTD-3006G17.2--ARHGEF38	1	0	NA	NA	ONLY_REF_SPLICE	CTD-3006G17.2^ENSG00000258932.4	chr14:27845181:-	ARHGEF38^ENSG00000236699.7	chr4:105706279:+	A00275:415:HNLFCDMXX:2:1267:19994:10911	.	YES_LDAS	GT	1.8256	AG	1.8892	["INTERCHROMOSOMAL[chr14--chr4]"]
CTD-2373N4.3--TRIM39-RPP21	1	0	NA	NA	INCL_NON_REF_SPLICE	CTD-2373N4.3^ENSG00000279041.1	chr8:30553665:+	TRIM39-RPP21^ENSG00000248167.5	chr6:30341765:+	A00275:415:HNLFCDMXX:2:1227:30671:10300	.	NO_LDAS	GT	1.9899	AG	1.9656	["INTERCHROMOSOMAL[chr8--chr6]"]
CTD-2373N4.3--TRIM39	1	0	NA	NA	INCL_NON_REF_SPLICE	CTD-2373N4.3^ENSG00000279041.1	chr8:30553665:+	TRIM39^ENSG00000204599.13	chr6:30341765:+	A00275:415:HNLFCDMXX:2:1227:30671:10300	.	NO_LDAS	GT	1.9899	AG	1.9656	["INTERCHROMOSOMAL[chr8--chr6]"]
CTD-2337A12.1--CAST	1	0	NA	NA	ONLY_REF_SPLICE	CTD-2337A12.1^ENSG00000251314.2	chr5:96379652:+	CAST^ENSG00000153113.22	chr5:96675539:+	A00275:415:HNLFCDMXX:1:1110:15826:9768	.	YES_LDAS	GT	1.7819	AG	1.8295	["INTRACHROMOSOMAL[chr5:0.11Mb]"]
CRYZL1--GOPC	1	0	NA	NA	INCL_NON_REF_SPLICE	CRYZL1^ENSG00000205758.10	chr21:33595707:-	GOPC^ENSG00000047932.12	chr6:117602093:-	A00275:415:HNLFCDMXX:2:1256:17526:1783	.	NO_LDAS	GT	1.8892	AG	1.6895	["INTERCHROMOSOMAL[chr21--chr6]"]
CRYL1--ERC1	1	0	NA	NA	ONLY_REF_SPLICE	CRYL1^ENSG00000165475.12	chr13:20432102:-	ERC1^ENSG00000082805.18	chr12:1408149:+	A00275:415:HNLFCDMXX:1:1261:28058:8688	.	NO_LDAS	GT	1.7232	AG	1.8295	["INTERCHROMOSOMAL[chr13--chr12]"]
CRMP1--SNX3	1	0	NA	NA	INCL_NON_REF_SPLICE	CRMP1^ENSG00000072832.13	chr4:5821072:-	SNX3^ENSG00000112335.13	chr6:108223004:-	A00275:415:HNLFCDMXX:2:1336:20157:26162	.	YES_LDAS	GT	1.5301	AG	1.6402	["INTERCHROMOSOMAL[chr4--chr6]"]
CRISPLD1--STX18	1	0	NA	NA	INCL_NON_REF_SPLICE	CRISPLD1^ENSG00000121005.7	chr8:75016577:+	STX18^ENSG00000168818.8	chr4:4419897:-	A00275:415:HNLFCDMXX:1:2379:17535:31172	.	NO_LDAS	GT	1.7056	AG	1.8892	["INTERCHROMOSOMAL[chr8--chr4]"]
CREBZF--CHMP1A	1	0	NA	NA	ONLY_REF_SPLICE	CREBZF^ENSG00000137504.12	chr11:85662389:-	CHMP1A^ENSG00000131165.13	chr16:89647331:-	A00275:415:HNLFCDMXX:1:1119:7654:5228	.	YES_LDAS	GT	1.6895	AG	1.8892	["INTERCHROMOSOMAL[chr11--chr16]"]
CPQ--SH3YL1	1	0	NA	NA	ONLY_REF_SPLICE	CPQ^ENSG00000104324.14	chr8:96880005:+	SH3YL1^ENSG00000035115.20	chr2:234272:-	A00275:415:HNLFCDMXX:1:1115:12400:28792	.	YES_LDAS	GT	1.7232	AG	1.9086	["INTERCHROMOSOMAL[chr8--chr2]"]
COX11--HSP90AA4P	1	0	NA	NA	INCL_NON_REF_SPLICE	COX11^ENSG00000166260.9	chr17:54953007:-	HSP90AA4P^ENSG00000205100.2	chr4:189474874:+	A00275:415:HNLFCDMXX:2:2280:11451:10833	.	NO_LDAS	GT	1.5301	AG	1.9656	["INTERCHROMOSOMAL[chr17--chr4]"]
COPS7B--PDE9A	1	0	NA	NA	ONLY_REF_SPLICE	COPS7B^ENSG00000144524.16	chr2:231781883:+	PDE9A^ENSG00000160191.16	chr21:42751116:+	A00275:415:HNLFCDMXX:1:2431:4065:36276	.	NO_LDAS	GT	1.9329	AG	1.8295	["INTERCHROMOSOMAL[chr2--chr21]"]
COL9A2--NR2F6	1	0	NA	NA	INCL_NON_REF_SPLICE	COL9A2^ENSG00000049089.12	chr1:40307446:-	NR2F6^ENSG00000160113.5	chr19:17231974:-	A00275:415:HNLFCDMXX:1:2333:8811:14779	.	NO_LDAS	GT	1.7819	AG	1.8892	["INTERCHROMOSOMAL[chr1--chr19]"]
COL4A5--AR	1	0	NA	NA	INCL_NON_REF_SPLICE	COL4A5^ENSG00000188153.11	chrX:108626349:+	AR^ENSG00000169083.14	chrX:67728674:+	A00275:415:HNLFCDMXX:2:2452:21296:10692	.	YES_LDAS	GT	1.9656	AG	1.8892	["INTRACHROMOSOMAL[chrX:40.71Mb]"]
COL4A5--ANAPC4	1	0	NA	NA	ONLY_REF_SPLICE	COL4A5^ENSG00000188153.11	chrX:108597568:+	ANAPC4^ENSG00000053900.9	chr4:25396664:+	A00275:415:HNLFCDMXX:1:2169:10881:8249	.	YES_LDAS	GT	1.8256	AG	1.7819	["INTERCHROMOSOMAL[chrX--chr4]"]
COBLL1--STK39	1	0	NA	NA	ONLY_REF_SPLICE	COBLL1^ENSG00000082438.14	chr2:164743687:-	STK39^ENSG00000198648.9	chr2:168017095:-	A00275:415:HNLFCDMXX:2:1144:14615:28620	.	YES_LDAS	GT	1.9656	AG	1.6729	["INTRACHROMOSOMAL[chr2:3.11Mb]"]
CMTM4--MBTPS1	1	0	NA	NA	ONLY_REF_SPLICE	CMTM4^ENSG00000183723.11	chr16:66696340:-	MBTPS1^ENSG00000140943.15	chr16:84102107:-	A00275:415:HNLFCDMXX:2:2151:14479:28385	.	YES_LDAS	GT	1.9329	AG	1.9656	["INTRACHROMOSOMAL[chr16:17.36Mb]"]
CLCN7--OPLAH	1	0	NA	NA	ONLY_REF_SPLICE	CLCN7^ENSG00000103249.16	chr16:1448355:-	OPLAH^ENSG00000178814.14	chr8:144054913:-	A00275:415:HNLFCDMXX:1:2254:3459:2033	.	YES_LDAS	GT	1.8062	AG	1.9656	["INTERCHROMOSOMAL[chr16--chr8]"]
CLASP2--RP11-451G4.2	1	0	NA	NA	ONLY_REF_SPLICE	CLASP2^ENSG00000163539.14	chr3:33602952:-	RP11-451G4.2^ENSG00000240045.1	chr3:155291038:-	A00275:415:HNLFCDMXX:2:2437:21811:21198	.	YES_LDAS	GT	1.9656	AG	1.8892	["INTRACHROMOSOMAL[chr3:121.57Mb]"]
CHMP6--BAIAP2	1	0	NA	NA	ONLY_REF_SPLICE	CHMP6^ENSG00000176108.8	chr17:80991981:+	BAIAP2^ENSG00000175866.14	chr17:81115770:+	A00275:415:HNLFCDMXX:2:2463:2311:4554	.	YES_LDAS	GT	1.9329	AG	1.8892	["INTRACHROMOSOMAL[chr17:0.03Mb]","NEIGHBORS[25605]"]
CH17-264B6.3--IDUA	1	0	NA	NA	ONLY_REF_SPLICE	CH17-264B6.3^ENSG00000277125.1	chr7:73069531:+	IDUA^ENSG00000127415.11	chr4:1000612:+	A00275:415:HNLFCDMXX:1:2276:23366:23891	.	NO_LDAS	GT	1.4566	AG	1.7968	["INTERCHROMOSOMAL[chr7--chr4]"]
CH17-232I21.1--TRIM73	1	0	NA	NA	INCL_NON_REF_SPLICE	CH17-232I21.1^ENSG00000275121.1	chr7:75237293:-	TRIM73^ENSG00000178809.10	chr7:75394973:+	A00275:415:HNLFCDMXX:2:2130:31955:6417	.	YES_LDAS	GT	1.8892	AG	1.8892	["INTRACHROMOSOMAL[chr7:0.16Mb]"]
CH17-232I21.1--STAG3L1	1	0	NA	NA	ONLY_REF_SPLICE	CH17-232I21.1^ENSG00000275121.1	chr7:75237293:-	STAG3L1^ENSG00000205583.12	chr7:75394973:+	A00275:415:HNLFCDMXX:2:2130:31955:6417	.	YES_LDAS	GT	1.8892	AG	1.8892	["INTRACHROMOSOMAL[chr7:0.12Mb]"]
CH17-189H20.1--CH17-478G19.2	1	0	NA	NA	ONLY_REF_SPLICE	CH17-189H20.1^ENSG00000274265.3	chr1:149177212:+	CH17-478G19.2^ENSG00000275140.1	chr1:148779001:-	A00275:415:HNLFCDMXX:2:2475:11650:6731	.	NO_LDAS	GT	1.7819	AG	1.9086	["INTRACHROMOSOMAL[chr1:0.39Mb]"]
CGN--MPHOSPH8	1	0	NA	NA	ONLY_REF_SPLICE	CGN^ENSG00000143375.13	chr1:151530746:+	MPHOSPH8^ENSG00000196199.12	chr13:19671206:+	A00275:415:HNLFCDMXX:2:2258:10411:3114	.	NO_LDAS	GT	1.7819	AG	1.8295	["INTERCHROMOSOMAL[chr1--chr13]"]
CFAP69--DYRK1A	1	0	NA	NA	ONLY_REF_SPLICE	CFAP69^ENSG00000105792.18	chr7:90304106:+	DYRK1A^ENSG00000157540.18	chr21:37486467:+	A00275:415:HNLFCDMXX:2:1203:1850:4319	.	YES_LDAS	GT	1.9329	AG	1.8256	["INTERCHROMOSOMAL[chr7--chr21]"]
CEP250--SOD1	1	0	NA	NA	ONLY_REF_SPLICE	CEP250^ENSG00000126001.14	chr20:35460105:+	SOD1^ENSG00000142168.13	chr21:31667258:+	A00275:415:HNLFCDMXX:1:1332:21007:18458	.	YES_LDAS	GT	1.9329	AG	1.9086	["INTERCHROMOSOMAL[chr20--chr21]"]
CD36--AC009495.4	1	0	NA	NA	ONLY_REF_SPLICE	CD36^ENSG00000135218.16	chr7:80486587:+	AC009495.4^ENSG00000229195.1	chr2:165795089:-	A00275:415:HNLFCDMXX:1:1355:20392:35775	.	YES_LDAS	GT	1.9656	AG	1.4295	["INTERCHROMOSOMAL[chr7--chr2]"]
CCDC181--DCAF6	1	0	NA	NA	ONLY_REF_SPLICE	CCDC181^ENSG00000117477.11	chr1:169419013:-	DCAF6^ENSG00000143164.14	chr1:167966629:+	A00275:415:HNLFCDMXX:2:2333:22110:4022	.	YES_LDAS	GT	1.7968	AG	1.8323	["INTRACHROMOSOMAL[chr1:1.32Mb]"]
CAPS2--DYNC2H1	1	0	NA	NA	ONLY_REF_SPLICE	CAPS2^ENSG00000180881.18	chr12:75390838:-	DYNC2H1^ENSG00000187240.12	chr11:103358243:+	A00275:415:HNLFCDMXX:2:1264:23755:36025	.	YES_LDAS	GT	1.9086	AG	1.8295	["INTERCHROMOSOMAL[chr12--chr11]"]
C9orf3--NR2F2	1	0	NA	NA	ONLY_REF_SPLICE	C9orf3^ENSG00000148120.13	chr9:95005616:+	NR2F2^ENSG00000185551.11	chr15:96334076:+	A00275:415:HNLFCDMXX:1:2357:16233:16266	.	NO_LDAS	GT	1.5656	AG	1.6729	["INTERCHROMOSOMAL[chr9--chr15]"]
C7orf50--MRPL48	1	0	NA	NA	INCL_NON_REF_SPLICE	C7orf50^ENSG00000146540.13	chr7:997646:-	MRPL48^ENSG00000175581.12	chr11:73844807:+	A00275:415:HNLFCDMXX:1:1251:11650:33724	.	YES_LDAS	GT	1.8062	AG	1.4566	["INTERCHROMOSOMAL[chr7--chr11]"]
C20orf194--DYNC2LI1	1	0	NA	NA	ONLY_REF_SPLICE	C20orf194^ENSG00000088854.12	chr20:3304440:-	DYNC2LI1^ENSG00000138036.17	chr2:43781628:+	A00275:415:HNLFCDMXX:2:2117:20157:14481	.	NO_LDAS	GT	1.8892	AG	1.8256	["INTERCHROMOSOMAL[chr20--chr2]"]
C19orf47--SLC36A1	1	0	NA	NA	ONLY_REF_SPLICE	C19orf47^ENSG00000160392.12	chr19:40332522:-	SLC36A1^ENSG00000123643.11	chr5:151458788:+	A00275:415:HNLFCDMXX:1:2457:19605:8390	.	YES_LDAS	GT	1.9329	AG	1.8295	["INTERCHROMOSOMAL[chr19--chr5]"]
C19orf43--LINC00665	1	0	NA	NA	INCL_NON_REF_SPLICE	C19orf43^ENSG00000123144.9	chr19:12734579:-	LINC00665^ENSG00000232677.5	chr19:36330381:-	A00275:415:HNLFCDMXX:1:1351:17933:2331	.	YES_LDAS	GT	1.4716	AG	1.7968	["INTRACHROMOSOMAL[chr19:23.58Mb]"]
C16orf72--CBS	1	0	NA	NA	INCL_NON_REF_SPLICE	C16orf72^ENSG00000182831.10	chr16:9109007:+	CBS^ENSG00000160200.16	chr21:43066377:-	A00275:415:HNLFCDMXX:1:2151:21423:1485	.	NO_LDAS	GT	1.9329	AG	1.8892	["INTERCHROMOSOMAL[chr16--chr21]"]
C16orf72--CBS	1	0	NA	NA	INCL_NON_REF_SPLICE	C16orf72^ENSG00000182831.10	chr16:9109007:+	CBS^ENSG00000274276.3	chr21:6458055:-	A00275:415:HNLFCDMXX:1:2151:21423:1485	.	NO_LDAS	GT	1.9329	AG	1.8892	["INTERCHROMOSOMAL[chr16--chr21]"]
BNC2--C9orf92	1	0	NA	NA	ONLY_REF_SPLICE	BNC2^ENSG00000173068.16	chr9:16435555:-	C9orf92^ENSG00000205549.7	chr9:16215899:-	A00275:415:HNLFCDMXX:1:2109:6207:13964	.	YES_LDAS	GT	1.5850	AG	1.8295	["INTRACHROMOSOMAL[chr9:0.13Mb]"]
BMPR1B--PDLIM5	1	0	NA	NA	ONLY_REF_SPLICE	BMPR1B^ENSG00000138696.9	chr4:94758068:+	PDLIM5^ENSG00000163110.13	chr4:94657427:+	A00275:415:HNLFCDMXX:2:2168:32633:6496	.	YES_LDAS	GT	1.3996	AG	1.9656	["TumorFusionsNAR2018","INTRACHROMOSOMAL[chr4:0.09Mb]","LOCAL_REARRANGEMENT:+:[89741]"]
BMPER--TSEN15	1	0	NA	NA	ONLY_REF_SPLICE	BMPER^ENSG00000164619.7	chr7:34086092:+	TSEN15^ENSG00000198860.10	chr1:184072827:+	A00275:415:HNLFCDMXX:1:1278:22779:13886	.	YES_LDAS	GT	1.7968	AG	1.6895	["INTERCHROMOSOMAL[chr7--chr1]"]
BLOC1S4--TIMMDC1	1	0	NA	NA	INCL_NON_REF_SPLICE	BLOC1S4^ENSG00000186222.4	chr4:6716811:+	TIMMDC1^ENSG00000113845.8	chr3:119523921:+	A00275:415:HNLFCDMXX:1:2461:18394:26052	.	YES_LDAS	GT	1.7232	AG	1.7819	["INTERCHROMOSOMAL[chr4--chr3]"]
BLCAP--MFSD11	1	0	NA	NA	ONLY_REF_SPLICE	BLCAP^ENSG00000166619.11	chr20:37527793:-	MFSD11^ENSG00000092931.10	chr17:76738282:+	A00275:415:HNLFCDMXX:1:1473:9353:16344	.	YES_LDAS	GT	1.8295	AG	1.8323	["INTERCHROMOSOMAL[chr20--chr17]"]
BHLHB9--LINC00630	1	0	NA	NA	ONLY_REF_SPLICE	BHLHB9^ENSG00000198908.10	chrX:102721027:+	LINC00630^ENSG00000223546.5	chrX:102825993:+	A00275:415:HNLFCDMXX:1:1376:3803:14497	.	YES_LDAS	GT	1.6895	AG	1.9656	["CCLE_StarF2019","TCGA_StarF2019","INTRACHROMOSOMAL[chrX:0.02Mb]","NEIGHBORS[15621]"]
BHLHB9--LINC00630	1	0	NA	NA	ONLY_REF_SPLICE	BHLHB9^ENSG00000198908.10	chrX:102721091:+	LINC00630^ENSG00000223546.5	chrX:102839801:+	A00275:415:HNLFCDMXX:1:2361:8666:17503	.	YES_LDAS	GT	1.8295	AG	1.5058	["CCLE_StarF2019","TCGA_StarF2019","INTRACHROMOSOMAL[chrX:0.02Mb]","NEIGHBORS[15621]"]
BBS1--PC	1	0	NA	NA	ONLY_REF_SPLICE	BBS1^ENSG00000174483.18	chr11:66511239:+	PC^ENSG00000173599.12	chr11:66872159:-	A00275:415:HNLFCDMXX:2:2302:13612:23312	.	YES_LDAS	GT	1.7056	AG	1.9899	["INTRACHROMOSOMAL[chr11:0.31Mb]"]
BAIAP2-AS1--RARA	1	0	NA	NA	INCL_NON_REF_SPLICE	BAIAP2-AS1^ENSG00000226137.5	chr17:81031141:-	RARA^ENSG00000131759.16	chr17:40331132:+	A00275:415:HNLFCDMXX:1:1118:12138:21355	.	YES_LDAS	GT	1.9899	AG	1.6402	["INTRACHROMOSOMAL[chr17:40.67Mb]"]
AVL9--EHBP1L1	1	0	NA	NA	INCL_NON_REF_SPLICE	AVL9^ENSG00000105778.16	chr7:32587021:+	EHBP1L1^ENSG00000173442.10	chr11:65582323:+	A00275:415:HNLFCDMXX:2:1355:27037:11772	.	YES_LDAS	GT	1.5656	AG	1.8892	["INTERCHROMOSOMAL[chr7--chr11]"]
ATXN1--SCFD1	1	0	NA	NA	ONLY_REF_SPLICE	ATXN1^ENSG00000124788.16	chr6:16753233:-	SCFD1^ENSG00000092108.19	chr14:30628209:+	A00275:415:HNLFCDMXX:2:2419:14235:7889	.	YES_LDAS	GT	1.9899	AG	1.9086	["INTERCHROMOSOMAL[chr6--chr14]"]
ATXN1--RP1-151F17.1	1	0	NA	NA	ONLY_REF_SPLICE	ATXN1^ENSG00000124788.16	chr6:16761298:-	RP1-151F17.1^ENSG00000229931.1	chr6:16762352:+	A00275:415:HNLFCDMXX:2:2228:28556:21167	.	YES_LDAS	GT	1.5656	AG	1.9656	["INTRACHROMOSOMAL[chr6:0.00Mb]","NEIGHBORS_OVERLAP:-:+:[353]"]
ATP6V1B2--SLC10A7	1	0	NA	NA	INCL_NON_REF_SPLICE	ATP6V1B2^ENSG00000147416.9	chr8:20211753:+	SLC10A7^ENSG00000120519.13	chr4:146258751:-	A00275:415:HNLFCDMXX:2:2406:6180:12132	.	YES_LDAS	GT	1.6895	AG	1.9656	["INTERCHROMOSOMAL[chr8--chr4]"]
ATP5G3--NPTXR	1	0	NA	NA	INCL_NON_REF_SPLICE	ATP5G3^ENSG00000154518.8	chr2:175179057:-	NPTXR^ENSG00000221890.2	chr22:38819250:-	A00275:415:HNLFCDMXX:2:2155:2428:30091	.	NO_LDAS	GT	1.9656	AG	1.7968	["INTERCHROMOSOMAL[chr2--chr22]"]
ATP2C2--COTL1	1	0	NA	NA	ONLY_REF_SPLICE	ATP2C2^ENSG00000064270.11	chr16:84368714:+	COTL1^ENSG00000103187.7	chr16:84590262:-	A00275:415:HNLFCDMXX:1:1126:25672:28291	.	NO_LDAS	GT	1.8323	AG	1.9086	["INTRACHROMOSOMAL[chr16:0.10Mb]"]
ATP2C1--NPHP4	1	0	NA	NA	INCL_NON_REF_SPLICE	ATP2C1^ENSG00000017260.18	chr3:130941640:+	NPHP4^ENSG00000131697.16	chr1:5865245:-	A00275:415:HNLFCDMXX:1:2115:1904:17848	.	YES_LDAS	GT	1.9656	AG	1.9656	["INTERCHROMOSOMAL[chr3--chr1]"]
ATAD3B--HIPK2	1	0	NA	NA	INCL_NON_REF_SPLICE	ATAD3B^ENSG00000160072.18	chr1:1496165:+	HIPK2^ENSG00000064393.14	chr7:139568021:-	A00275:415:HNLFCDMXX:1:1281:32723:30326	.	NO_LDAS	GT	1.7465	AG	1.9086	["INTERCHROMOSOMAL[chr1--chr7]"]
ASTN2--RP11-45A16.4	1	0	NA	NA	INCL_NON_REF_SPLICE	ASTN2^ENSG00000148219.15	chr9:116425876:-	RP11-45A16.4^ENSG00000244757.1	chr9:116316543:-	A00275:415:HNLFCDMXX:2:2307:30065:18740	.	YES_LDAS	GT	1.7819	AG	1.9656	["INTRACHROMOSOMAL[chr9:0.11Mb]"]
ARPP21--CCPG1	1	0	NA	NA	ONLY_REF_SPLICE	ARPP21^ENSG00000172995.15	chr3:35743965:+	CCPG1^ENSG00000260916.4	chr15:55372044:-	A00275:415:HNLFCDMXX:2:1188:11143:12524	.	YES_LDAS	GT	1.5656	AG	1.7465	["INTERCHROMOSOMAL[chr3--chr15]"]
ARL5A--PKP4	1	0	NA	NA	ONLY_REF_SPLICE	ARL5A^ENSG00000162980.15	chr2:151828131:-	PKP4^ENSG00000144283.20	chr2:158533180:+	A00275:415:HNLFCDMXX:2:1149:7943:20948	.	YES_LDAS	GT	1.9899	AG	1.9329	["INTRACHROMOSOMAL[chr2:6.63Mb]"]
ARHGEF37--TAX1BP1	1	0	NA	NA	ONLY_REF_SPLICE	ARHGEF37^ENSG00000183111.10	chr5:149581624:+	TAX1BP1^ENSG00000106052.12	chr7:27827738:+	A00275:415:HNLFCDMXX:2:1236:19976:4648	.	YES_LDAS	GT	1.7056	AG	1.5219	["INTERCHROMOSOMAL[chr5--chr7]"]
ARHGEF10L--FBXO44	1	0	NA	NA	ONLY_REF_SPLICE	ARHGEF10L^ENSG00000074964.15	chr1:17627503:+	FBXO44^ENSG00000132879.12	chr1:11661130:+	A00275:415:HNLFCDMXX:1:1464:28411:17628	.	YES_LDAS	GT	1.7819	AG	1.7465	["INTRACHROMOSOMAL[chr1:5.88Mb]"]
AP3S2--UFSP2	1	0	NA	NA	ONLY_REF_SPLICE	AP3S2^ENSG00000157823.15	chr15:89871475:-	UFSP2^ENSG00000109775.9	chr4:185400478:-	A00275:415:HNLFCDMXX:2:1161:25292:29951	.	YES_LDAS	GT	1.9086	AG	1.5546	["INTERCHROMOSOMAL[chr15--chr4]"]
ANP32A--PIAS1	1	0	NA	NA	ONLY_REF_SPLICE	ANP32A^ENSG00000140350.14	chr15:68784397:-	PIAS1^ENSG00000033800.12	chr15:68141946:+	A00275:415:HNLFCDMXX:2:1206:3188:15060	.	YES_LDAS	GT	1.3996	AG	1.8323	["INTRACHROMOSOMAL[chr15:0.58Mb]"]
ANP32A--NCBP2	1	0	NA	NA	ONLY_REF_SPLICE	ANP32A^ENSG00000140350.14	chr15:68820698:-	NCBP2^ENSG00000114503.9	chr3:196939432:-	A00275:415:HNLFCDMXX:1:2135:6641:26428	.	NO_LDAS	GT	1.9656	AG	1.6895	["INTERCHROMOSOMAL[chr15--chr3]"]
ANO7--NEAT1_1	1	0	NA	NA	INCL_NON_REF_SPLICE	ANO7^ENSG00000146205.12	chr2:241217891:+	NEAT1_1^ENSG00000278144.1	chr11:65423295:+	A00275:415:HNLFCDMXX:2:2432:5132:24158	.	YES_LDAS	GT	1.9329	AG	1.9086	["INTERCHROMOSOMAL[chr2--chr11]"]
ANKRD12--NDUFV2	1	0	NA	NA	ONLY_REF_SPLICE	ANKRD12^ENSG00000101745.14	chr18:9136965:+	NDUFV2^ENSG00000178127.11	chr18:9117838:+	A00275:415:HNLFCDMXX:1:2453:20925:24486	.	YES_LDAS	GT	1.5058	AG	1.7056	["INTRACHROMOSOMAL[chr18:0.00Mb]","LOCAL_REARRANGEMENT:+:[1883]"]
ANAPC4--SEL1L3	1	0	NA	NA	ONLY_REF_SPLICE	ANAPC4^ENSG00000053900.9	chr4:25396899:+	SEL1L3^ENSG00000091490.9	chr4:25776360:-	A00275:415:HNLFCDMXX:2:1444:6777:2237	.	YES_LDAS	GT	1.7819	AG	1.8892	["INTRACHROMOSOMAL[chr4:0.33Mb]"]
AMER2--MAST4	1	0	NA	NA	INCL_NON_REF_SPLICE	AMER2^ENSG00000165566.12	chr13:25170912:-	MAST4^ENSG00000069020.17	chr5:66899957:+	A00275:415:HNLFCDMXX:2:1116:9733:23610	.	YES_LDAS	GT	1.8323	AG	1.9219	["INTERCHROMOSOMAL[chr13--chr5]"]
ALG13--STAG2	1	0	NA	NA	ONLY_REF_SPLICE	ALG13^ENSG00000101901.9	chrX:111722857:+	STAG2^ENSG00000101972.17	chrX:124057866:+	A00275:415:HNLFCDMXX:2:1155:21070:25614	.	YES_LDAS	GT	1.8323	AG	1.9329	["INTRACHROMOSOMAL[chrX:12.20Mb]"]
AKAP8L--ARRB1	1	0	NA	NA	INCL_NON_REF_SPLICE	AKAP8L^ENSG00000011243.16	chr19:15399934:-	ARRB1^ENSG00000137486.15	chr11:75290037:-	A00275:415:HNLFCDMXX:2:1447:32796:20275	.	NO_LDAS	GT	1.9086	AG	1.9656	["INTERCHROMOSOMAL[chr19--chr11]"]
AF001548.6--GYLTL1B	1	0	NA	NA	INCL_NON_REF_SPLICE	AF001548.6^ENSG00000263065.1	chr16:15741820:+	GYLTL1B^ENSG00000165905.15	chr11:45927389:+	A00275:415:HNLFCDMXX:2:2122:26413:3897	.	YES_LDAS	GT	1.5656	AG	1.9656	["INTERCHROMOSOMAL[chr16--chr11]"]
ADCY6--CNNM3	1	0	NA	NA	INCL_NON_REF_SPLICE	ADCY6^ENSG00000174233.10	chr12:48767145:-	CNNM3^ENSG00000168763.14	chr2:96832588:+	A00275:415:HNLFCDMXX:1:1315:21423:14387	.	NO_LDAS	GT	1.8892	AG	1.6895	["INTERCHROMOSOMAL[chr12--chr2]"]
ACTR3C--RP11-728K20.1	1	0	NA	NA	ONLY_REF_SPLICE	ACTR3C^ENSG00000106526.9	chr7:150248948:-	RP11-728K20.1^ENSG00000224016.2	chr7:149892398:-	A00275:415:HNLFCDMXX:2:1302:22887:8187	.	YES_LDAS	GT	1.8295	AG	1.9899	["INTRACHROMOSOMAL[chr7:0.33Mb]"]
ACTL6A--C1orf27	1	0	NA	NA	ONLY_REF_SPLICE	ACTL6A^ENSG00000136518.15	chr3:179570241:+	C1orf27^ENSG00000157181.13	chr1:186406083:+	A00275:415:HNLFCDMXX:2:2153:20202:7858	.	YES_LDAS	GT	1.5058	AG	1.7465	["INTERCHROMOSOMAL[chr3--chr1]"]
ACP1--SH3YL1	1	0	NA	NA	ONLY_REF_SPLICE	ACP1^ENSG00000143727.14	chr2:265007:+	SH3YL1^ENSG00000035115.20	chr2:219001:-	A00275:415:HNLFCDMXX:2:1365:20627:7435	.	NO_LDAS	GT	1.2729	AG	1.8892	["INTRACHROMOSOMAL[chr2:0.00Mb]","NEIGHBORS_OVERLAP:+:-:[2258]"]
ACAN--RAPGEFL1	1	0	NA	NA	INCL_NON_REF_SPLICE	ACAN^ENSG00000157766.14	chr15:88872066:+	RAPGEFL1^ENSG00000108352.10	chr17:40193363:+	A00275:415:HNLFCDMXX:1:2376:30282:33520	.	NO_LDAS	GT	1.8892	AG	1.9899	["INTERCHROMOSOMAL[chr15--chr17]"]
AC144449.1--CLN3	1	0	NA	NA	INCL_NON_REF_SPLICE	AC144449.1^ENSG00000231969.1	chr2:149587739:+	CLN3^ENSG00000188603.15	chr16:28482198:-	A00275:415:HNLFCDMXX:2:1154:32271:13197	.	NO_LDAS	GT	1.3996	AG	1.9899	["INTERCHROMOSOMAL[chr2--chr16]"]
AC098820.3--ZNF664	1	0	NA	NA	ONLY_REF_SPLICE	AC098820.3^ENSG00000232485.2	chr2:216498607:-	ZNF664^ENSG00000179195.14	chr12:123973886:+	A00275:415:HNLFCDMXX:2:2117:3477:37012	.	YES_LDAS	GT	1.7968	AG	1.4295	["INTERCHROMOSOMAL[chr2--chr12]"]
AC098820.3--FAM101A	1	0	NA	NA	ONLY_REF_SPLICE	AC098820.3^ENSG00000232485.2	chr2:216498607:-	FAM101A^ENSG00000178882.12	chr12:123973886:+	A00275:415:HNLFCDMXX:2:2117:3477:37012	.	YES_LDAS	GT	1.7968	AG	1.4295	["INTERCHROMOSOMAL[chr2--chr12]"]
AC011997.1--PLCL1	1	0	NA	NA	ONLY_REF_SPLICE	AC011997.1^ENSG00000222017.1	chr2:197771914:+	PLCL1^ENSG00000115896.14	chr2:198083758:+	A00275:415:HNLFCDMXX:2:2312:31367:10911	.	NO_LDAS	GT	1.8892	AG	1.7819	["INTRACHROMOSOMAL[chr2:0.03Mb]","NEIGHBORS[29879]"]
AC009948.5--GORASP2	1	0	NA	NA	ONLY_REF_SPLICE	AC009948.5^ENSG00000223960.5	chr2:178414113:+	GORASP2^ENSG00000115806.11	chr2:170948350:+	A00275:415:HNLFCDMXX:2:1320:12608:7827	.	YES_LDAS	GT	1.8892	AG	1.8295	["INTRACHROMOSOMAL[chr2:7.45Mb]"]
AC007392.3--AC007403.2	1	0	NA	NA	ONLY_REF_SPLICE	AC007392.3^ENSG00000232046.5	chr2:66691723:+	AC007403.2^ENSG00000230525.4	chr2:66945288:+	A00275:415:HNLFCDMXX:2:1208:3070:33489	.	YES_LDAS	GT	1.5219	AG	1.8295	["INTRACHROMOSOMAL[chr2:0.17Mb]"]
AC002398.12--MYO10	1	0	NA	NA	INCL_NON_REF_SPLICE	AC002398.12^ENSG00000267328.1	chr19:35755256:+	MYO10^ENSG00000145555.13	chr5:16666433:-	A00275:415:HNLFCDMXX:1:1341:1660:29199	.	YES_LDAS	GT	1.8295	AG	1.8062	["INTERCHROMOSOMAL[chr19--chr5]"]
ABLIM3--PTPRB	1	0	NA	NA	INCL_NON_REF_SPLICE	ABLIM3^ENSG00000173210.18	chr5:149251419:+	PTPRB^ENSG00000127329.13	chr12:70558894:-	A00275:415:HNLFCDMXX:1:1253:16215:25629	.	NO_LDAS	GT	1.8295	AG	1.8892	["INTERCHROMOSOMAL[chr5--chr12]"]
RP4-565E6.1--HYDIN	1	1	NA	NA	ONLY_REF_SPLICE	RP4-565E6.1^ENSG00000227733.7	chr1:148195959:-	HYDIN^ENSG00000157423.16	chr16:71162730:-	A00275:415:HNLFCDMXX:1:2176:29369:32315	A00275:415:HNLFCDMXX:1:1351:9607:22608	YES_LDAS	GT	1.8892	AG	1.9656	["INTERCHROMOSOMAL[chr1--chr16]"]
